Time,Container ID,CPU Usage (%),Memory Usage
2024-03-12 10:22:58,590e7c9e393e,0.16%,582.5MiB / 31.34GiB
2024-03-12 10:23:00,590e7c9e393e,31.20%,600.8MiB / 31.34GiB
2024-03-12 10:23:02,590e7c9e393e,30.82%,611.8MiB / 31.34GiB
2024-03-12 10:23:04,590e7c9e393e,31.97%,624.1MiB / 31.34GiB
2024-03-12 10:23:06,590e7c9e393e,13.01%,631.4MiB / 31.34GiB
2024-03-12 10:23:08,590e7c9e393e,17.62%,638.9MiB / 31.34GiB
2024-03-12 10:23:10,590e7c9e393e,14.99%,644.9MiB / 31.34GiB
2024-03-12 10:23:12,590e7c9e393e,16.53%,651.4MiB / 31.34GiB
2024-03-12 10:23:14,590e7c9e393e,15.80%,657.2MiB / 31.34GiB
2024-03-12 10:23:16,590e7c9e393e,12.64%,663.8MiB / 31.34GiB
2024-03-12 10:23:18,590e7c9e393e,11.91%,669.5MiB / 31.34GiB
2024-03-12 10:23:20,590e7c9e393e,13.59%,675.7MiB / 31.34GiB
2024-03-12 10:23:22,590e7c9e393e,17.34%,681.9MiB / 31.34GiB
2024-03-12 10:23:24,590e7c9e393e,12.85%,686.9MiB / 31.34GiB
2024-03-12 10:23:26,590e7c9e393e,0.65%,687.8MiB / 31.34GiB
2024-03-12 10:23:28,590e7c9e393e,17.45%,694.6MiB / 31.34GiB
2024-03-12 10:23:30,590e7c9e393e,14.18%,700.4MiB / 31.34GiB
2024-03-12 10:23:32,590e7c9e393e,2.53%,702.3MiB / 31.34GiB
2024-03-12 10:23:34,590e7c9e393e,1.81%,702.7MiB / 31.34GiB
2024-03-12 10:23:36,590e7c9e393e,2.77%,703.1MiB / 31.34GiB
2024-03-12 10:23:38,590e7c9e393e,17.29%,707.5MiB / 31.34GiB
2024-03-12 10:23:40,590e7c9e393e,15.58%,713.4MiB / 31.34GiB
2024-03-12 10:23:42,590e7c9e393e,11.98%,718.1MiB / 31.34GiB
2024-03-12 10:23:44,590e7c9e393e,16.57%,723.3MiB / 31.34GiB
2024-03-12 10:23:46,590e7c9e393e,11.12%,728.2MiB / 31.34GiB
2024-03-12 10:23:48,590e7c9e393e,13.28%,733.4MiB / 31.34GiB
2024-03-12 10:23:50,590e7c9e393e,15.38%,739.7MiB / 31.34GiB
2024-03-12 10:23:52,590e7c9e393e,13.46%,744.7MiB / 31.34GiB
2024-03-12 10:23:54,590e7c9e393e,17.19%,750.6MiB / 31.34GiB
2024-03-12 10:23:56,590e7c9e393e,19.17%,755.5MiB / 31.34GiB
2024-03-12 10:23:58,590e7c9e393e,8.82%,759.7MiB / 31.34GiB
2024-03-12 10:24:00,590e7c9e393e,14.08%,764.4MiB / 31.34GiB
2024-03-12 10:24:02,590e7c9e393e,12.53%,768.7MiB / 31.34GiB
2024-03-12 10:24:04,590e7c9e393e,14.08%,771.7MiB / 31.34GiB
2024-03-12 10:24:06,590e7c9e393e,14.35%,775.7MiB / 31.34GiB
2024-03-12 10:24:08,590e7c9e393e,17.80%,779.7MiB / 31.34GiB
2024-03-12 10:24:10,590e7c9e393e,1.59%,780MiB / 31.34GiB
2024-03-12 10:24:12,590e7c9e393e,2.83%,780.2MiB / 31.34GiB
2024-03-12 10:24:14,590e7c9e393e,16.05%,782.8MiB / 31.34GiB
2024-03-12 10:24:16,590e7c9e393e,16.18%,786.9MiB / 31.34GiB
2024-03-12 10:24:18,590e7c9e393e,12.79%,790.5MiB / 31.34GiB
2024-03-12 10:24:20,590e7c9e393e,13.57%,794.6MiB / 31.34GiB
2024-03-12 10:24:22,590e7c9e393e,15.24%,799.5MiB / 31.34GiB
2024-03-12 10:24:24,590e7c9e393e,16.88%,804.5MiB / 31.34GiB
2024-03-12 10:24:26,590e7c9e393e,16.44%,808.4MiB / 31.34GiB
2024-03-12 10:24:28,590e7c9e393e,12.88%,812.3MiB / 31.34GiB
2024-03-12 10:24:30,590e7c9e393e,12.50%,815.2MiB / 31.34GiB
2024-03-12 10:24:32,590e7c9e393e,21.89%,819.7MiB / 31.34GiB
2024-03-12 10:24:34,590e7c9e393e,15.62%,823.1MiB / 31.34GiB
2024-03-12 10:24:36,590e7c9e393e,6.06%,824.6MiB / 31.34GiB
2024-03-12 10:24:38,590e7c9e393e,3.11%,824.7MiB / 31.34GiB
2024-03-12 10:24:40,590e7c9e393e,3.24%,825.1MiB / 31.34GiB
2024-03-12 10:24:42,590e7c9e393e,16.22%,828.9MiB / 31.34GiB
2024-03-12 10:24:44,590e7c9e393e,13.16%,832.2MiB / 31.34GiB
2024-03-12 10:24:46,590e7c9e393e,0.85%,833MiB / 31.34GiB
2024-03-12 10:24:48,590e7c9e393e,16.36%,835MiB / 31.34GiB
2024-03-12 10:24:50,590e7c9e393e,14.41%,838.1MiB / 31.34GiB
2024-03-12 10:24:52,590e7c9e393e,13.81%,841.5MiB / 31.34GiB
2024-03-12 10:24:54,590e7c9e393e,15.59%,844.6MiB / 31.34GiB
2024-03-12 10:24:56,590e7c9e393e,9.85%,846.6MiB / 31.34GiB
2024-03-12 10:24:58,590e7c9e393e,13.60%,849.3MiB / 31.34GiB
2024-03-12 10:25:00,590e7c9e393e,13.52%,852.8MiB / 31.34GiB
2024-03-12 10:25:02,590e7c9e393e,15.23%,855.8MiB / 31.34GiB
2024-03-12 10:25:04,590e7c9e393e,18.01%,858MiB / 31.34GiB
2024-03-12 10:25:06,590e7c9e393e,18.32%,861.1MiB / 31.34GiB
2024-03-12 10:25:08,590e7c9e393e,5.49%,862.6MiB / 31.34GiB
2024-03-12 10:25:10,590e7c9e393e,10.40%,864MiB / 31.34GiB
2024-03-12 10:25:12,590e7c9e393e,9.85%,865.1MiB / 31.34GiB
2024-03-12 10:25:14,590e7c9e393e,3.57%,866MiB / 31.34GiB
2024-03-12 10:25:16,590e7c9e393e,9.16%,867.2MiB / 31.34GiB
2024-03-12 10:25:18,590e7c9e393e,8.99%,868.4MiB / 31.34GiB
2024-03-12 10:25:20,590e7c9e393e,2.08%,868.7MiB / 31.34GiB
2024-03-12 10:25:22,590e7c9e393e,3.20%,868.9MiB / 31.34GiB
2024-03-12 10:25:24,590e7c9e393e,7.48%,869.7MiB / 31.34GiB
2024-03-12 10:25:26,590e7c9e393e,6.09%,871.3MiB / 31.34GiB
2024-03-12 10:25:28,590e7c9e393e,12.04%,872.7MiB / 31.34GiB
2024-03-12 10:25:30,590e7c9e393e,8.40%,874MiB / 31.34GiB
2024-03-12 10:25:32,590e7c9e393e,15.61%,893.1MiB / 31.34GiB
2024-03-12 10:25:34,590e7c9e393e,16.47%,898.5MiB / 31.34GiB
2024-03-12 10:25:36,590e7c9e393e,13.84%,907.7MiB / 31.34GiB
2024-03-12 10:25:38,590e7c9e393e,80.17%,912.4MiB / 31.34GiB
2024-03-12 10:25:40,590e7c9e393e,72.30%,909.3MiB / 31.34GiB
2024-03-12 10:25:42,590e7c9e393e,71.58%,916.2MiB / 31.34GiB
2024-03-12 10:25:44,590e7c9e393e,106.69%,921.8MiB / 31.34GiB
2024-03-12 10:25:46,590e7c9e393e,62.54%,924.4MiB / 31.34GiB
2024-03-12 10:25:48,590e7c9e393e,34.92%,926.2MiB / 31.34GiB
2024-03-12 10:25:50,590e7c9e393e,12.57%,927.3MiB / 31.34GiB
2024-03-12 10:25:52,590e7c9e393e,37.02%,929.4MiB / 31.34GiB
2024-03-12 10:25:54,590e7c9e393e,9.06%,930.3MiB / 31.34GiB
2024-03-12 10:25:56,590e7c9e393e,1.36%,930.4MiB / 31.34GiB
2024-03-12 10:25:58,590e7c9e393e,1.30%,930.5MiB / 31.34GiB
2024-03-12 10:26:00,590e7c9e393e,2.14%,930.5MiB / 31.34GiB
2024-03-12 10:26:02,590e7c9e393e,18.15%,932.2MiB / 31.34GiB
2024-03-12 10:26:04,590e7c9e393e,15.73%,933.8MiB / 31.34GiB
2024-03-12 10:26:06,590e7c9e393e,14.29%,935.6MiB / 31.34GiB
2024-03-12 10:26:08,590e7c9e393e,17.76%,937.2MiB / 31.34GiB
2024-03-12 10:26:10,590e7c9e393e,34.02%,938.8MiB / 31.34GiB
2024-03-12 10:26:12,590e7c9e393e,12.84%,939.6MiB / 31.34GiB
2024-03-12 10:26:14,590e7c9e393e,74.55%,941MiB / 31.34GiB
2024-03-12 10:26:16,590e7c9e393e,36.86%,942.4MiB / 31.34GiB
2024-03-12 10:26:18,590e7c9e393e,31.80%,943.4MiB / 31.34GiB
2024-03-12 10:26:20,590e7c9e393e,18.07%,944.7MiB / 31.34GiB
2024-03-12 10:26:22,590e7c9e393e,52.94%,945.9MiB / 31.34GiB
2024-03-12 10:26:24,590e7c9e393e,75.05%,946.9MiB / 31.34GiB
2024-03-12 10:26:26,590e7c9e393e,14.47%,947.5MiB / 31.34GiB
2024-03-12 10:26:28,590e7c9e393e,4.63%,948.3MiB / 31.34GiB
2024-03-12 10:26:30,590e7c9e393e,55.64%,948.8MiB / 31.34GiB
2024-03-12 10:26:32,590e7c9e393e,35.85%,960.5MiB / 31.34GiB
2024-03-12 10:26:34,590e7c9e393e,32.36%,978.4MiB / 31.34GiB
2024-03-12 10:26:36,590e7c9e393e,2.12%,978.5MiB / 31.34GiB
2024-03-12 10:26:38,590e7c9e393e,7.24%,978.6MiB / 31.34GiB
2024-03-12 10:26:40,590e7c9e393e,18.00%,979.4MiB / 31.34GiB
2024-03-12 10:26:42,590e7c9e393e,1.69%,979.5MiB / 31.34GiB
2024-03-12 10:26:44,590e7c9e393e,1.88%,979.8MiB / 31.34GiB
2024-03-12 10:26:46,590e7c9e393e,16.67%,980.2MiB / 31.34GiB
2024-03-12 10:26:48,590e7c9e393e,14.02%,981MiB / 31.34GiB
2024-03-12 10:26:50,590e7c9e393e,10.75%,981.4MiB / 31.34GiB
2024-03-12 10:26:52,590e7c9e393e,16.19%,982MiB / 31.34GiB
2024-03-12 10:26:54,590e7c9e393e,9.04%,982.3MiB / 31.34GiB
2024-03-12 10:26:56,590e7c9e393e,13.60%,982.9MiB / 31.34GiB
2024-03-12 10:26:58,590e7c9e393e,20.50%,983.6MiB / 31.34GiB
2024-03-12 10:27:00,590e7c9e393e,11.26%,984.1MiB / 31.34GiB
2024-03-12 10:27:02,590e7c9e393e,14.69%,984.7MiB / 31.34GiB
2024-03-12 10:27:04,590e7c9e393e,10.25%,985.1MiB / 31.34GiB
2024-03-12 10:27:06,590e7c9e393e,4.75%,985.3MiB / 31.34GiB
2024-03-12 10:27:08,590e7c9e393e,13.69%,985.7MiB / 31.34GiB
2024-03-12 10:27:10,590e7c9e393e,12.40%,986MiB / 31.34GiB
2024-03-12 10:27:12,590e7c9e393e,3.04%,986.4MiB / 31.34GiB
2024-03-12 10:27:14,590e7c9e393e,1.48%,986.4MiB / 31.34GiB
2024-03-12 10:27:16,590e7c9e393e,17.42%,987MiB / 31.34GiB
2024-03-12 10:27:18,590e7c9e393e,13.38%,987.5MiB / 31.34GiB
2024-03-12 10:27:20,590e7c9e393e,11.16%,988.1MiB / 31.34GiB
2024-03-12 10:27:22,590e7c9e393e,14.21%,988.5MiB / 31.34GiB
2024-03-12 10:27:24,590e7c9e393e,18.09%,989MiB / 31.34GiB
2024-03-12 10:27:26,590e7c9e393e,8.60%,989.4MiB / 31.34GiB
2024-03-12 10:27:28,590e7c9e393e,3.14%,989.6MiB / 31.34GiB
2024-03-12 10:27:30,590e7c9e393e,10.21%,989.8MiB / 31.34GiB
2024-03-12 10:27:32,590e7c9e393e,21.85%,1021MiB / 31.34GiB
2024-03-12 10:27:34,590e7c9e393e,44.51%,995.2MiB / 31.34GiB
2024-03-12 10:27:36,590e7c9e393e,7.89%,992.2MiB / 31.34GiB
2024-03-12 10:27:38,590e7c9e393e,3.49%,992.2MiB / 31.34GiB
2024-03-12 10:27:40,590e7c9e393e,7.91%,992.6MiB / 31.34GiB
2024-03-12 10:27:42,590e7c9e393e,12.74%,992.8MiB / 31.34GiB
2024-03-12 10:27:44,590e7c9e393e,10.37%,993.2MiB / 31.34GiB
2024-03-12 10:27:46,590e7c9e393e,9.04%,993.4MiB / 31.34GiB
2024-03-12 10:27:48,590e7c9e393e,10.25%,993.7MiB / 31.34GiB
2024-03-12 10:27:50,590e7c9e393e,2.65%,993.8MiB / 31.34GiB
2024-03-12 10:27:52,590e7c9e393e,3.60%,993.9MiB / 31.34GiB
2024-03-12 10:27:54,590e7c9e393e,2.09%,994MiB / 31.34GiB
2024-03-12 10:27:56,590e7c9e393e,10.63%,994.2MiB / 31.34GiB
2024-03-12 10:27:58,590e7c9e393e,12.43%,994.6MiB / 31.34GiB
2024-03-12 10:28:00,590e7c9e393e,7.24%,994.8MiB / 31.34GiB
2024-03-12 10:28:02,590e7c9e393e,13.75%,995.1MiB / 31.34GiB
2024-03-12 10:28:04,590e7c9e393e,1.21%,995.2MiB / 31.34GiB
2024-03-12 10:28:06,590e7c9e393e,18.26%,995.5MiB / 31.34GiB
2024-03-12 10:28:08,590e7c9e393e,7.29%,995.7MiB / 31.34GiB
2024-03-12 10:28:10,590e7c9e393e,5.43%,996MiB / 31.34GiB
2024-03-12 10:28:12,590e7c9e393e,11.34%,996.1MiB / 31.34GiB
2024-03-12 10:28:14,590e7c9e393e,20.02%,996.6MiB / 31.34GiB
2024-03-12 10:28:16,590e7c9e393e,13.69%,997MiB / 31.34GiB
2024-03-12 10:28:18,590e7c9e393e,17.04%,997.4MiB / 31.34GiB
2024-03-12 10:28:20,590e7c9e393e,20.47%,997.6MiB / 31.34GiB
2024-03-12 10:28:22,590e7c9e393e,1.44%,997.8MiB / 31.34GiB
2024-03-12 10:28:24,590e7c9e393e,14.17%,998.1MiB / 31.34GiB
2024-03-12 10:28:26,590e7c9e393e,18.97%,998.4MiB / 31.34GiB
2024-03-12 10:28:28,590e7c9e393e,2.66%,998.6MiB / 31.34GiB
2024-03-12 10:28:30,590e7c9e393e,6.45%,998.6MiB / 31.34GiB
2024-03-12 10:28:32,590e7c9e393e,22.35%,1016MiB / 31.34GiB
2024-03-12 10:28:34,590e7c9e393e,26.11%,1016MiB / 31.34GiB
2024-03-12 10:28:36,590e7c9e393e,25.94%,1019MiB / 31.34GiB
2024-03-12 10:28:38,590e7c9e393e,13.40%,1001MiB / 31.34GiB
2024-03-12 10:28:40,590e7c9e393e,17.35%,1001MiB / 31.34GiB
2024-03-12 10:28:42,590e7c9e393e,18.37%,1001MiB / 31.34GiB
2024-03-12 10:28:44,590e7c9e393e,16.16%,1002MiB / 31.34GiB
2024-03-12 10:28:46,590e7c9e393e,2.41%,1002MiB / 31.34GiB
2024-03-12 10:28:48,590e7c9e393e,13.20%,1002MiB / 31.34GiB
2024-03-12 10:28:50,590e7c9e393e,14.93%,1003MiB / 31.34GiB
2024-03-12 10:28:52,590e7c9e393e,10.03%,1003MiB / 31.34GiB
2024-03-12 10:28:54,590e7c9e393e,12.26%,1003MiB / 31.34GiB
2024-03-12 10:28:56,590e7c9e393e,14.36%,1003MiB / 31.34GiB
2024-03-12 10:28:58,590e7c9e393e,18.08%,1004MiB / 31.34GiB
2024-03-12 10:29:00,590e7c9e393e,15.52%,1004MiB / 31.34GiB
2024-03-12 10:29:02,590e7c9e393e,15.12%,1004MiB / 31.34GiB
2024-03-12 10:29:05,590e7c9e393e,4.06%,1005MiB / 31.34GiB
2024-03-12 10:29:07,590e7c9e393e,2.34%,1004MiB / 31.34GiB
2024-03-12 10:29:09,590e7c9e393e,2.21%,1004MiB / 31.34GiB
2024-03-12 10:29:11,590e7c9e393e,20.30%,1005MiB / 31.34GiB
2024-03-12 10:29:13,590e7c9e393e,17.25%,1005MiB / 31.34GiB
2024-03-12 10:29:15,590e7c9e393e,14.29%,1006MiB / 31.34GiB
2024-03-12 10:29:17,590e7c9e393e,19.35%,1006MiB / 31.34GiB
2024-03-12 10:29:19,590e7c9e393e,13.49%,1006MiB / 31.34GiB
2024-03-12 10:29:21,590e7c9e393e,5.48%,1006MiB / 31.34GiB
2024-03-12 10:29:23,590e7c9e393e,15.05%,1007MiB / 31.34GiB
2024-03-12 10:29:25,590e7c9e393e,17.38%,1007MiB / 31.34GiB
2024-03-12 10:29:27,590e7c9e393e,1.76%,1007MiB / 31.34GiB
2024-03-12 10:29:29,590e7c9e393e,22.06%,1007MiB / 31.34GiB
2024-03-12 10:29:31,590e7c9e393e,18.36%,1008MiB / 31.34GiB
2024-03-12 10:29:33,590e7c9e393e,17.54%,1008MiB / 31.34GiB
2024-03-12 10:29:35,590e7c9e393e,15.03%,1008MiB / 31.34GiB
2024-03-12 10:29:37,590e7c9e393e,13.51%,1009MiB / 31.34GiB
2024-03-12 10:29:39,590e7c9e393e,21.52%,1009MiB / 31.34GiB
2024-03-12 10:29:41,590e7c9e393e,24.84%,1009MiB / 31.34GiB
2024-03-12 10:29:43,590e7c9e393e,5.15%,1010MiB / 31.34GiB
2024-03-12 10:29:45,590e7c9e393e,2.79%,1010MiB / 31.34GiB
2024-03-12 10:29:47,590e7c9e393e,2.68%,1010MiB / 31.34GiB
2024-03-12 10:29:49,590e7c9e393e,19.61%,1010MiB / 31.34GiB
2024-03-12 10:29:51,590e7c9e393e,16.67%,1010MiB / 31.34GiB
2024-03-12 10:29:53,590e7c9e393e,5.42%,1010MiB / 31.34GiB
2024-03-12 10:29:55,590e7c9e393e,22.80%,1011MiB / 31.34GiB
2024-03-12 10:29:57,590e7c9e393e,8.12%,1011MiB / 31.34GiB
2024-03-12 10:29:59,590e7c9e393e,19.89%,1011MiB / 31.34GiB
2024-03-12 10:30:01,590e7c9e393e,18.01%,1011MiB / 31.34GiB
2024-03-12 10:30:03,590e7c9e393e,16.51%,1012MiB / 31.34GiB
2024-03-12 10:30:05,590e7c9e393e,17.79%,1012MiB / 31.34GiB
2024-03-12 10:30:07,590e7c9e393e,18.74%,1012MiB / 31.34GiB
2024-03-12 10:30:09,590e7c9e393e,15.57%,1013MiB / 31.34GiB
2024-03-12 10:30:11,590e7c9e393e,20.03%,1013MiB / 31.34GiB
2024-03-12 10:30:13,590e7c9e393e,21.57%,1013MiB / 31.34GiB
2024-03-12 10:30:15,590e7c9e393e,17.18%,1014MiB / 31.34GiB
2024-03-12 10:30:17,590e7c9e393e,14.06%,1014MiB / 31.34GiB
2024-03-12 10:30:19,590e7c9e393e,2.27%,1014MiB / 31.34GiB
2024-03-12 10:30:21,590e7c9e393e,3.75%,1014MiB / 31.34GiB
2024-03-12 10:30:23,590e7c9e393e,8.44%,1014MiB / 31.34GiB
2024-03-12 10:30:25,590e7c9e393e,9.35%,1014MiB / 31.34GiB
2024-03-12 10:30:27,590e7c9e393e,1.61%,1014MiB / 31.34GiB
2024-03-12 10:30:29,590e7c9e393e,6.49%,1015MiB / 31.34GiB
2024-03-12 10:30:31,590e7c9e393e,11.76%,1015MiB / 31.34GiB
2024-03-12 10:30:33,590e7c9e393e,10.92%,1015MiB / 31.34GiB
2024-03-12 10:30:35,590e7c9e393e,11.04%,1015MiB / 31.34GiB
2024-03-12 10:30:37,590e7c9e393e,11.08%,1015MiB / 31.34GiB
2024-03-12 10:30:39,590e7c9e393e,9.65%,1016MiB / 31.34GiB
2024-03-12 10:30:41,590e7c9e393e,13.01%,1016MiB / 31.34GiB
2024-03-12 10:30:43,590e7c9e393e,12.10%,1016MiB / 31.34GiB
2024-03-12 10:30:45,590e7c9e393e,14.61%,1016MiB / 31.34GiB
2024-03-12 10:30:47,590e7c9e393e,15.39%,1016MiB / 31.34GiB
2024-03-12 10:30:49,590e7c9e393e,13.10%,1017MiB / 31.34GiB
2024-03-12 10:30:51,590e7c9e393e,12.87%,1017MiB / 31.34GiB
2024-03-12 10:30:53,590e7c9e393e,12.44%,1017MiB / 31.34GiB
2024-03-12 10:30:55,590e7c9e393e,12.58%,1017MiB / 31.34GiB
2024-03-12 10:30:57,590e7c9e393e,2.70%,1017MiB / 31.34GiB
2024-03-12 10:30:59,590e7c9e393e,1.38%,1017MiB / 31.34GiB
2024-03-12 10:31:01,590e7c9e393e,18.29%,1017MiB / 31.34GiB
2024-03-12 10:31:03,590e7c9e393e,13.63%,1018MiB / 31.34GiB
2024-03-12 10:31:05,590e7c9e393e,21.53%,1018MiB / 31.34GiB
2024-03-12 10:31:07,590e7c9e393e,18.49%,1018MiB / 31.34GiB
2024-03-12 10:31:09,590e7c9e393e,17.16%,1018MiB / 31.34GiB
2024-03-12 10:31:11,590e7c9e393e,13.16%,1018MiB / 31.34GiB
2024-03-12 10:31:13,590e7c9e393e,21.16%,1019MiB / 31.34GiB
2024-03-12 10:31:15,590e7c9e393e,15.13%,1019MiB / 31.34GiB
2024-03-12 10:31:17,590e7c9e393e,18.41%,1019MiB / 31.34GiB
2024-03-12 10:31:19,590e7c9e393e,14.64%,1020MiB / 31.34GiB
2024-03-12 10:31:21,590e7c9e393e,20.65%,1020MiB / 31.34GiB
2024-03-12 10:31:23,590e7c9e393e,14.88%,1020MiB / 31.34GiB
2024-03-12 10:31:25,590e7c9e393e,13.70%,1020MiB / 31.34GiB
2024-03-12 10:31:27,590e7c9e393e,15.63%,1021MiB / 31.34GiB
2024-03-12 10:31:29,590e7c9e393e,15.71%,1021MiB / 31.34GiB
2024-03-12 10:31:31,590e7c9e393e,10.42%,1021MiB / 31.34GiB
2024-03-12 10:31:33,590e7c9e393e,20.48%,1.014GiB / 31.34GiB
2024-03-12 10:31:35,590e7c9e393e,13.62%,1.014GiB / 31.34GiB
2024-03-12 10:31:37,590e7c9e393e,9.45%,1.014GiB / 31.34GiB
2024-03-12 10:31:39,590e7c9e393e,93.94%,1.007GiB / 31.34GiB
2024-03-12 10:31:41,590e7c9e393e,40.59%,1.028GiB / 31.34GiB
2024-03-12 10:31:43,590e7c9e393e,26.10%,1.028GiB / 31.34GiB
2024-03-12 10:31:45,590e7c9e393e,13.50%,1.028GiB / 31.34GiB
2024-03-12 10:31:47,590e7c9e393e,13.07%,1.029GiB / 31.34GiB
2024-03-12 10:31:49,590e7c9e393e,13.11%,1.029GiB / 31.34GiB
2024-03-12 10:31:51,590e7c9e393e,19.08%,1.029GiB / 31.34GiB
2024-03-12 10:31:53,590e7c9e393e,17.59%,1.029GiB / 31.34GiB
2024-03-12 10:31:55,590e7c9e393e,25.05%,1.03GiB / 31.34GiB
2024-03-12 10:31:57,590e7c9e393e,15.87%,1.03GiB / 31.34GiB
2024-03-12 10:31:59,590e7c9e393e,16.10%,1.03GiB / 31.34GiB
2024-03-12 10:32:01,590e7c9e393e,17.91%,1.03GiB / 31.34GiB
2024-03-12 10:32:03,590e7c9e393e,12.93%,1.03GiB / 31.34GiB
2024-03-12 10:32:05,590e7c9e393e,1.18%,1.03GiB / 31.34GiB
2024-03-12 10:32:07,590e7c9e393e,1.64%,1.03GiB / 31.34GiB
2024-03-12 10:32:09,590e7c9e393e,14.24%,1.031GiB / 31.34GiB
2024-03-12 10:32:11,590e7c9e393e,14.25%,1.031GiB / 31.34GiB
2024-03-12 10:32:13,590e7c9e393e,6.89%,1.031GiB / 31.34GiB
2024-03-12 10:32:15,590e7c9e393e,2.97%,1.031GiB / 31.34GiB
2024-03-12 10:32:17,590e7c9e393e,5.74%,1.031GiB / 31.34GiB
2024-03-12 10:32:19,590e7c9e393e,14.08%,1.031GiB / 31.34GiB
2024-03-12 10:32:21,590e7c9e393e,17.55%,1.032GiB / 31.34GiB
2024-03-12 10:32:23,590e7c9e393e,15.68%,1.032GiB / 31.34GiB
2024-03-12 10:32:25,590e7c9e393e,20.08%,1.032GiB / 31.34GiB
2024-03-12 10:32:27,590e7c9e393e,18.93%,1.032GiB / 31.34GiB
2024-03-12 10:32:29,590e7c9e393e,13.85%,1.032GiB / 31.34GiB
2024-03-12 10:32:31,590e7c9e393e,17.08%,1.033GiB / 31.34GiB
2024-03-12 10:32:33,590e7c9e393e,33.74%,1.063GiB / 31.34GiB
2024-03-12 10:32:35,590e7c9e393e,23.55%,1.034GiB / 31.34GiB
2024-03-12 10:32:37,590e7c9e393e,24.36%,1.035GiB / 31.34GiB
2024-03-12 10:32:39,590e7c9e393e,1.49%,1.035GiB / 31.34GiB
2024-03-12 10:32:41,590e7c9e393e,6.94%,1.035GiB / 31.34GiB
2024-03-12 10:32:43,590e7c9e393e,19.13%,1.035GiB / 31.34GiB
2024-03-12 10:32:45,590e7c9e393e,4.75%,1.035GiB / 31.34GiB
2024-03-12 10:32:47,590e7c9e393e,1.69%,1.035GiB / 31.34GiB
2024-03-12 10:32:49,590e7c9e393e,20.04%,1.035GiB / 31.34GiB
2024-03-12 10:32:51,590e7c9e393e,15.33%,1.035GiB / 31.34GiB
2024-03-12 10:32:53,590e7c9e393e,18.83%,1.036GiB / 31.34GiB
2024-03-12 10:32:55,590e7c9e393e,18.60%,1.036GiB / 31.34GiB
2024-03-12 10:32:57,590e7c9e393e,17.23%,1.036GiB / 31.34GiB
2024-03-12 10:32:59,590e7c9e393e,19.08%,1.036GiB / 31.34GiB
2024-03-12 10:33:01,590e7c9e393e,20.68%,1.037GiB / 31.34GiB
2024-03-12 10:33:03,590e7c9e393e,21.56%,1.037GiB / 31.34GiB
2024-03-12 10:33:05,590e7c9e393e,12.67%,1.037GiB / 31.34GiB
2024-03-12 10:33:07,590e7c9e393e,16.47%,1.037GiB / 31.34GiB
2024-03-12 10:33:09,590e7c9e393e,14.13%,1.037GiB / 31.34GiB
2024-03-12 10:33:11,590e7c9e393e,15.43%,1.037GiB / 31.34GiB
2024-03-12 10:33:13,590e7c9e393e,12.91%,1.038GiB / 31.34GiB
2024-03-12 10:33:15,590e7c9e393e,1.07%,1.037GiB / 31.34GiB
2024-03-12 10:33:17,590e7c9e393e,15.65%,1.038GiB / 31.34GiB
2024-03-12 10:33:19,590e7c9e393e,12.84%,1.038GiB / 31.34GiB
2024-03-12 10:33:21,590e7c9e393e,13.89%,1.038GiB / 31.34GiB
2024-03-12 10:33:23,590e7c9e393e,2.53%,1.038GiB / 31.34GiB
2024-03-12 10:33:25,590e7c9e393e,2.07%,1.038GiB / 31.34GiB
2024-03-12 10:33:27,590e7c9e393e,11.06%,1.038GiB / 31.34GiB
2024-03-12 10:33:29,590e7c9e393e,9.07%,1.038GiB / 31.34GiB
2024-03-12 10:33:31,590e7c9e393e,10.28%,1.038GiB / 31.34GiB
2024-03-12 10:33:33,590e7c9e393e,8.39%,1.039GiB / 31.34GiB
2024-03-12 10:33:35,590e7c9e393e,10.77%,1.039GiB / 31.34GiB
2024-03-12 10:33:37,590e7c9e393e,12.50%,1.039GiB / 31.34GiB
2024-03-12 10:33:39,590e7c9e393e,13.37%,1.039GiB / 31.34GiB
2024-03-12 10:33:41,590e7c9e393e,7.52%,1.039GiB / 31.34GiB
2024-03-12 10:33:43,590e7c9e393e,10.86%,1.039GiB / 31.34GiB
2024-03-12 10:33:45,590e7c9e393e,12.74%,1.039GiB / 31.34GiB
2024-03-12 10:33:47,590e7c9e393e,1.71%,1.039GiB / 31.34GiB
2024-03-12 10:33:49,590e7c9e393e,12.31%,1.039GiB / 31.34GiB
2024-03-12 10:33:51,590e7c9e393e,10.82%,1.04GiB / 31.34GiB
2024-03-12 10:33:53,590e7c9e393e,11.78%,1.04GiB / 31.34GiB
2024-03-12 10:33:55,590e7c9e393e,11.59%,1.04GiB / 31.34GiB
2024-03-12 10:33:57,590e7c9e393e,11.69%,1.04GiB / 31.34GiB
2024-03-12 10:33:59,590e7c9e393e,1.75%,1.04GiB / 31.34GiB
2024-03-12 10:34:01,590e7c9e393e,5.83%,1.04GiB / 31.34GiB
2024-03-12 10:34:03,590e7c9e393e,11.58%,1.04GiB / 31.34GiB
2024-03-12 10:34:05,590e7c9e393e,11.44%,1.04GiB / 31.34GiB
2024-03-12 10:34:07,590e7c9e393e,18.91%,1.04GiB / 31.34GiB
2024-03-12 10:34:09,590e7c9e393e,12.14%,1.041GiB / 31.34GiB
2024-03-12 10:34:11,590e7c9e393e,9.88%,1.041GiB / 31.34GiB
2024-03-12 10:34:13,590e7c9e393e,11.55%,1.041GiB / 31.34GiB
2024-03-12 10:34:15,590e7c9e393e,16.17%,1.041GiB / 31.34GiB
2024-03-12 10:34:17,590e7c9e393e,11.58%,1.041GiB / 31.34GiB
2024-03-12 10:34:19,590e7c9e393e,12.45%,1.041GiB / 31.34GiB
2024-03-12 10:34:21,590e7c9e393e,7.71%,1.041GiB / 31.34GiB
2024-03-12 10:34:23,590e7c9e393e,5.43%,1.042GiB / 31.34GiB
2024-03-12 10:34:25,590e7c9e393e,16.77%,1.042GiB / 31.34GiB
2024-03-12 10:34:27,590e7c9e393e,12.67%,1.042GiB / 31.34GiB
2024-03-12 10:34:29,590e7c9e393e,13.86%,1.042GiB / 31.34GiB
2024-03-12 10:34:31,590e7c9e393e,15.85%,1.042GiB / 31.34GiB
2024-03-12 10:34:33,590e7c9e393e,19.58%,1.059GiB / 31.34GiB
2024-03-12 10:34:35,590e7c9e393e,8.62%,1.059GiB / 31.34GiB
2024-03-12 10:34:37,590e7c9e393e,27.95%,1.061GiB / 31.34GiB
2024-03-12 10:34:39,590e7c9e393e,12.09%,1.043GiB / 31.34GiB
2024-03-12 10:34:41,590e7c9e393e,14.77%,1.043GiB / 31.34GiB
2024-03-12 10:34:43,590e7c9e393e,8.93%,1.043GiB / 31.34GiB
2024-03-12 10:34:45,590e7c9e393e,18.44%,1.043GiB / 31.34GiB
2024-03-12 10:34:47,590e7c9e393e,13.95%,1.043GiB / 31.34GiB
2024-03-12 10:34:49,590e7c9e393e,9.52%,1.043GiB / 31.34GiB
2024-03-12 10:34:51,590e7c9e393e,12.56%,1.044GiB / 31.34GiB
2024-03-12 10:34:53,590e7c9e393e,15.65%,1.044GiB / 31.34GiB
2024-03-12 10:34:55,590e7c9e393e,1.24%,1.044GiB / 31.34GiB
2024-03-12 10:34:57,590e7c9e393e,13.64%,1.044GiB / 31.34GiB
2024-03-12 10:34:59,590e7c9e393e,12.92%,1.044GiB / 31.34GiB
2024-03-12 10:35:01,590e7c9e393e,6.54%,1.044GiB / 31.34GiB
2024-03-12 10:35:03,590e7c9e393e,22.36%,1.044GiB / 31.34GiB
2024-03-12 10:35:05,590e7c9e393e,18.49%,1.045GiB / 31.34GiB
2024-03-12 10:35:07,590e7c9e393e,13.09%,1.045GiB / 31.34GiB
2024-03-12 10:35:09,590e7c9e393e,14.41%,1.045GiB / 31.34GiB
2024-03-12 10:35:11,590e7c9e393e,9.08%,1.045GiB / 31.34GiB
2024-03-12 10:35:13,590e7c9e393e,2.36%,1.045GiB / 31.34GiB
2024-03-12 10:35:15,590e7c9e393e,14.48%,1.045GiB / 31.34GiB
2024-03-12 10:35:17,590e7c9e393e,13.19%,1.045GiB / 31.34GiB
2024-03-12 10:35:19,590e7c9e393e,13.57%,1.045GiB / 31.34GiB
2024-03-12 10:35:21,590e7c9e393e,10.13%,1.046GiB / 31.34GiB
2024-03-12 10:35:23,590e7c9e393e,15.83%,1.046GiB / 31.34GiB
2024-03-12 10:35:25,590e7c9e393e,8.37%,1.046GiB / 31.34GiB
2024-03-12 10:35:27,590e7c9e393e,1.25%,1.046GiB / 31.34GiB
2024-03-12 10:35:29,590e7c9e393e,16.58%,1.046GiB / 31.34GiB
2024-03-12 10:35:31,590e7c9e393e,14.23%,1.046GiB / 31.34GiB
2024-03-12 10:35:34,590e7c9e393e,11.95%,1.046GiB / 31.34GiB
2024-03-12 10:35:36,590e7c9e393e,16.54%,1.047GiB / 31.34GiB
2024-03-12 10:35:38,590e7c9e393e,13.24%,1.047GiB / 31.34GiB
2024-03-12 10:35:40,590e7c9e393e,8.88%,1.047GiB / 31.34GiB
2024-03-12 10:35:42,590e7c9e393e,14.50%,1.047GiB / 31.34GiB
2024-03-12 10:35:44,590e7c9e393e,17.10%,1.047GiB / 31.34GiB
2024-03-12 10:35:46,590e7c9e393e,14.91%,1.048GiB / 31.34GiB
2024-03-12 10:35:48,590e7c9e393e,15.62%,1.048GiB / 31.34GiB
2024-03-12 10:35:50,590e7c9e393e,2.64%,1.048GiB / 31.34GiB
2024-03-12 10:35:52,590e7c9e393e,1.62%,1.048GiB / 31.34GiB
2024-03-12 10:35:54,590e7c9e393e,23.90%,1.048GiB / 31.34GiB
2024-03-12 10:35:56,590e7c9e393e,12.19%,1.048GiB / 31.34GiB
2024-03-12 10:35:58,590e7c9e393e,12.19%,1.048GiB / 31.34GiB
2024-03-12 10:36:00,590e7c9e393e,1.38%,1.048GiB / 31.34GiB
2024-03-12 10:36:02,590e7c9e393e,16.52%,1.048GiB / 31.34GiB
2024-03-12 10:36:04,590e7c9e393e,2.83%,1.049GiB / 31.34GiB
2024-03-12 10:36:06,590e7c9e393e,17.22%,1.049GiB / 31.34GiB
2024-03-12 10:36:08,590e7c9e393e,12.96%,1.049GiB / 31.34GiB
2024-03-12 10:36:10,590e7c9e393e,16.44%,1.049GiB / 31.34GiB
2024-03-12 10:36:12,590e7c9e393e,15.09%,1.049GiB / 31.34GiB
2024-03-12 10:36:14,590e7c9e393e,15.06%,1.05GiB / 31.34GiB
2024-03-12 10:36:16,590e7c9e393e,17.09%,1.05GiB / 31.34GiB
2024-03-12 10:36:18,590e7c9e393e,16.66%,1.05GiB / 31.34GiB
2024-03-12 10:36:20,590e7c9e393e,17.01%,1.05GiB / 31.34GiB
2024-03-12 10:36:22,590e7c9e393e,9.20%,1.05GiB / 31.34GiB
2024-03-12 10:36:24,590e7c9e393e,13.15%,1.05GiB / 31.34GiB
2024-03-12 10:36:26,590e7c9e393e,14.90%,1.051GiB / 31.34GiB
2024-03-12 10:36:28,590e7c9e393e,2.43%,1.051GiB / 31.34GiB
2024-03-12 10:36:30,590e7c9e393e,1.99%,1.051GiB / 31.34GiB
2024-03-12 10:36:32,590e7c9e393e,13.73%,1.051GiB / 31.34GiB
2024-03-12 10:36:34,590e7c9e393e,35.04%,1.081GiB / 31.34GiB
2024-03-12 10:36:36,590e7c9e393e,16.30%,1.074GiB / 31.34GiB
2024-03-12 10:36:38,590e7c9e393e,14.93%,1.074GiB / 31.34GiB
2024-03-12 10:36:40,590e7c9e393e,12.92%,1.074GiB / 31.34GiB
2024-03-12 10:36:42,590e7c9e393e,7.83%,1.074GiB / 31.34GiB
2024-03-12 10:36:44,590e7c9e393e,10.97%,1.074GiB / 31.34GiB
2024-03-12 10:36:46,590e7c9e393e,14.33%,1.075GiB / 31.34GiB
2024-03-12 10:36:48,590e7c9e393e,10.34%,1.075GiB / 31.34GiB
2024-03-12 10:36:50,590e7c9e393e,10.41%,1.075GiB / 31.34GiB
2024-03-12 10:36:52,590e7c9e393e,8.35%,1.075GiB / 31.34GiB
2024-03-12 10:36:54,590e7c9e393e,14.91%,1.075GiB / 31.34GiB
2024-03-12 10:36:56,590e7c9e393e,11.74%,1.075GiB / 31.34GiB
2024-03-12 10:36:58,590e7c9e393e,6.77%,1.076GiB / 31.34GiB
2024-03-12 10:37:00,590e7c9e393e,12.15%,1.076GiB / 31.34GiB
2024-03-12 10:37:02,590e7c9e393e,16.33%,1.076GiB / 31.34GiB
2024-03-12 10:37:04,590e7c9e393e,1.68%,1.076GiB / 31.34GiB
2024-03-12 10:37:06,590e7c9e393e,2.02%,1.076GiB / 31.34GiB
2024-03-12 10:37:08,590e7c9e393e,15.84%,1.076GiB / 31.34GiB
2024-03-12 10:37:10,590e7c9e393e,13.65%,1.076GiB / 31.34GiB
2024-03-12 10:37:12,590e7c9e393e,11.13%,1.076GiB / 31.34GiB
2024-03-12 10:37:14,590e7c9e393e,15.44%,1.076GiB / 31.34GiB
2024-03-12 10:37:16,590e7c9e393e,12.56%,1.076GiB / 31.34GiB
2024-03-12 10:37:18,590e7c9e393e,11.93%,1.077GiB / 31.34GiB
2024-03-12 10:37:20,590e7c9e393e,10.16%,1.077GiB / 31.34GiB
2024-03-12 10:37:22,590e7c9e393e,9.25%,1.077GiB / 31.34GiB
2024-03-12 10:37:24,590e7c9e393e,12.26%,1.077GiB / 31.34GiB
2024-03-12 10:37:26,590e7c9e393e,12.21%,1.077GiB / 31.34GiB
2024-03-12 10:37:28,590e7c9e393e,8.72%,1.077GiB / 31.34GiB
2024-03-12 10:37:30,590e7c9e393e,8.84%,1.077GiB / 31.34GiB
2024-03-12 10:37:32,590e7c9e393e,22.70%,1.108GiB / 31.34GiB
2024-03-12 10:37:34,590e7c9e393e,78.40%,1.089GiB / 31.34GiB
2024-03-12 10:37:36,590e7c9e393e,18.30%,1.095GiB / 31.34GiB
2024-03-12 10:37:38,590e7c9e393e,15.43%,1.095GiB / 31.34GiB
2024-03-12 10:37:40,590e7c9e393e,66.48%,1.098GiB / 31.34GiB
2024-03-12 10:37:42,590e7c9e393e,2.53%,1.079GiB / 31.34GiB
2024-03-12 10:37:44,590e7c9e393e,3.87%,1.079GiB / 31.34GiB
2024-03-12 10:37:46,590e7c9e393e,12.98%,1.079GiB / 31.34GiB
2024-03-12 10:37:48,590e7c9e393e,13.73%,1.079GiB / 31.34GiB
2024-03-12 10:37:50,590e7c9e393e,17.34%,1.079GiB / 31.34GiB
2024-03-12 10:37:52,590e7c9e393e,14.96%,1.079GiB / 31.34GiB
2024-03-12 10:37:54,590e7c9e393e,14.69%,1.08GiB / 31.34GiB
2024-03-12 10:37:56,590e7c9e393e,13.69%,1.08GiB / 31.34GiB
2024-03-12 10:37:58,590e7c9e393e,12.64%,1.08GiB / 31.34GiB
2024-03-12 10:38:00,590e7c9e393e,8.46%,1.08GiB / 31.34GiB
2024-03-12 10:38:02,590e7c9e393e,16.18%,1.08GiB / 31.34GiB
2024-03-12 10:38:04,590e7c9e393e,13.32%,1.08GiB / 31.34GiB
2024-03-12 10:38:06,590e7c9e393e,12.46%,1.08GiB / 31.34GiB
2024-03-12 10:38:08,590e7c9e393e,11.73%,1.081GiB / 31.34GiB
2024-03-12 10:38:10,590e7c9e393e,12.49%,1.081GiB / 31.34GiB
2024-03-12 10:38:12,590e7c9e393e,14.53%,1.081GiB / 31.34GiB
2024-03-12 10:38:14,590e7c9e393e,15.24%,1.081GiB / 31.34GiB
2024-03-12 10:38:16,590e7c9e393e,12.63%,1.081GiB / 31.34GiB
2024-03-12 10:38:18,590e7c9e393e,1.59%,1.081GiB / 31.34GiB
2024-03-12 10:38:20,590e7c9e393e,3.56%,1.081GiB / 31.34GiB
2024-03-12 10:38:22,590e7c9e393e,13.11%,1.081GiB / 31.34GiB
2024-03-12 10:38:24,590e7c9e393e,12.14%,1.081GiB / 31.34GiB
2024-03-12 10:38:26,590e7c9e393e,5.46%,1.081GiB / 31.34GiB
2024-03-12 10:38:28,590e7c9e393e,12.42%,1.082GiB / 31.34GiB
2024-03-12 10:38:30,590e7c9e393e,12.73%,1.082GiB / 31.34GiB
2024-03-12 10:38:32,590e7c9e393e,12.13%,1.086GiB / 31.34GiB
2024-03-12 10:38:34,590e7c9e393e,11.56%,1.082GiB / 31.34GiB
2024-03-12 10:38:36,590e7c9e393e,11.66%,1.083GiB / 31.34GiB
2024-03-12 10:38:38,590e7c9e393e,12.59%,1.083GiB / 31.34GiB
2024-03-12 10:38:40,590e7c9e393e,11.26%,1.083GiB / 31.34GiB
2024-03-12 10:38:42,590e7c9e393e,3.68%,1.083GiB / 31.34GiB
2024-03-12 10:38:44,590e7c9e393e,14.95%,1.083GiB / 31.34GiB
2024-03-12 10:38:46,590e7c9e393e,18.57%,1.083GiB / 31.34GiB
2024-03-12 10:38:48,590e7c9e393e,11.98%,1.083GiB / 31.34GiB
2024-03-12 10:38:50,590e7c9e393e,12.56%,1.084GiB / 31.34GiB
2024-03-12 10:38:52,590e7c9e393e,13.05%,1.084GiB / 31.34GiB
2024-03-12 10:38:54,590e7c9e393e,1.65%,1.084GiB / 31.34GiB
2024-03-12 10:38:56,590e7c9e393e,2.26%,1.084GiB / 31.34GiB
2024-03-12 10:38:58,590e7c9e393e,10.29%,1.084GiB / 31.34GiB
2024-03-12 10:39:00,590e7c9e393e,15.42%,1.084GiB / 31.34GiB
2024-03-12 10:39:02,590e7c9e393e,17.09%,1.084GiB / 31.34GiB
2024-03-12 10:39:04,590e7c9e393e,13.89%,1.084GiB / 31.34GiB
2024-03-12 10:39:06,590e7c9e393e,15.57%,1.084GiB / 31.34GiB
2024-03-12 10:39:08,590e7c9e393e,13.80%,1.085GiB / 31.34GiB
2024-03-12 10:39:10,590e7c9e393e,13.36%,1.085GiB / 31.34GiB
2024-03-12 10:39:12,590e7c9e393e,3.85%,1.085GiB / 31.34GiB
2024-03-12 10:39:14,590e7c9e393e,1.98%,1.085GiB / 31.34GiB
2024-03-12 10:39:16,590e7c9e393e,16.31%,1.085GiB / 31.34GiB
2024-03-12 10:39:18,590e7c9e393e,15.08%,1.085GiB / 31.34GiB
2024-03-12 10:39:20,590e7c9e393e,15.86%,1.085GiB / 31.34GiB
2024-03-12 10:39:22,590e7c9e393e,12.77%,1.085GiB / 31.34GiB
2024-03-12 10:39:24,590e7c9e393e,12.44%,1.086GiB / 31.34GiB
2024-03-12 10:39:26,590e7c9e393e,14.40%,1.086GiB / 31.34GiB
2024-03-12 10:39:28,590e7c9e393e,12.11%,1.086GiB / 31.34GiB
2024-03-12 10:39:30,590e7c9e393e,1.56%,1.086GiB / 31.34GiB
2024-03-12 10:39:32,590e7c9e393e,3.70%,1.086GiB / 31.34GiB
2024-03-12 10:39:34,590e7c9e393e,17.67%,1.086GiB / 31.34GiB
2024-03-12 10:39:36,590e7c9e393e,13.74%,1.087GiB / 31.34GiB
2024-03-12 10:39:38,590e7c9e393e,14.47%,1.087GiB / 31.34GiB
2024-03-12 10:39:40,590e7c9e393e,15.29%,1.087GiB / 31.34GiB
2024-03-12 10:39:42,590e7c9e393e,11.59%,1.087GiB / 31.34GiB
2024-03-12 10:39:44,590e7c9e393e,16.12%,1.087GiB / 31.34GiB
2024-03-12 10:39:46,590e7c9e393e,13.20%,1.087GiB / 31.34GiB
2024-03-12 10:39:48,590e7c9e393e,5.34%,1.087GiB / 31.34GiB
2024-03-12 10:39:50,590e7c9e393e,16.49%,1.087GiB / 31.34GiB
2024-03-12 10:39:52,590e7c9e393e,15.51%,1.088GiB / 31.34GiB
2024-03-12 10:39:54,590e7c9e393e,5.05%,1.088GiB / 31.34GiB
2024-03-12 10:39:56,590e7c9e393e,5.23%,1.088GiB / 31.34GiB
2024-03-12 10:39:58,590e7c9e393e,7.68%,1.088GiB / 31.34GiB
2024-03-12 10:40:00,590e7c9e393e,8.67%,1.088GiB / 31.34GiB
2024-03-12 10:40:02,590e7c9e393e,9.98%,1.088GiB / 31.34GiB
2024-03-12 10:40:04,590e7c9e393e,11.71%,1.088GiB / 31.34GiB
2024-03-12 10:40:06,590e7c9e393e,1.72%,1.088GiB / 31.34GiB
2024-03-12 10:40:08,590e7c9e393e,6.70%,1.088GiB / 31.34GiB
2024-03-12 10:40:10,590e7c9e393e,9.74%,1.088GiB / 31.34GiB
2024-03-12 10:40:12,590e7c9e393e,10.79%,1.088GiB / 31.34GiB
2024-03-12 10:40:14,590e7c9e393e,11.83%,1.089GiB / 31.34GiB
2024-03-12 10:40:16,590e7c9e393e,12.90%,1.089GiB / 31.34GiB
2024-03-12 10:40:18,590e7c9e393e,9.89%,1.089GiB / 31.34GiB
2024-03-12 10:40:20,590e7c9e393e,10.66%,1.089GiB / 31.34GiB
2024-03-12 10:40:22,590e7c9e393e,10.40%,1.089GiB / 31.34GiB
2024-03-12 10:40:24,590e7c9e393e,3.57%,1.089GiB / 31.34GiB
2024-03-12 10:40:26,590e7c9e393e,12.45%,1.089GiB / 31.34GiB
2024-03-12 10:40:28,590e7c9e393e,13.68%,1.09GiB / 31.34GiB
2024-03-12 10:40:30,590e7c9e393e,11.10%,1.09GiB / 31.34GiB
2024-03-12 10:40:32,590e7c9e393e,15.76%,1.106GiB / 31.34GiB
2024-03-12 10:40:34,590e7c9e393e,16.17%,1.106GiB / 31.34GiB
2024-03-12 10:40:36,590e7c9e393e,14.43%,1.107GiB / 31.34GiB
2024-03-12 10:40:38,590e7c9e393e,83.24%,1.091GiB / 31.34GiB
2024-03-12 10:40:40,590e7c9e393e,3.37%,1.09GiB / 31.34GiB
2024-03-12 10:40:42,590e7c9e393e,1.26%,1.09GiB / 31.34GiB
2024-03-12 10:40:44,590e7c9e393e,2.28%,1.091GiB / 31.34GiB
2024-03-12 10:40:46,590e7c9e393e,18.98%,1.091GiB / 31.34GiB
2024-03-12 10:40:48,590e7c9e393e,9.71%,1.091GiB / 31.34GiB
2024-03-12 10:40:50,590e7c9e393e,9.88%,1.091GiB / 31.34GiB
2024-03-12 10:40:52,590e7c9e393e,16.48%,1.091GiB / 31.34GiB
2024-03-12 10:40:54,590e7c9e393e,14.34%,1.091GiB / 31.34GiB
2024-03-12 10:40:56,590e7c9e393e,7.24%,1.091GiB / 31.34GiB
2024-03-12 10:40:58,590e7c9e393e,16.72%,1.091GiB / 31.34GiB
2024-03-12 10:41:00,590e7c9e393e,12.30%,1.092GiB / 31.34GiB
2024-03-12 10:41:02,590e7c9e393e,12.51%,1.092GiB / 31.34GiB
2024-03-12 10:41:04,590e7c9e393e,12.27%,1.092GiB / 31.34GiB
2024-03-12 10:41:06,590e7c9e393e,12.67%,1.092GiB / 31.34GiB
2024-03-12 10:41:08,590e7c9e393e,13.54%,1.092GiB / 31.34GiB
2024-03-12 10:41:10,590e7c9e393e,12.65%,1.092GiB / 31.34GiB
2024-03-12 10:41:12,590e7c9e393e,8.75%,1.092GiB / 31.34GiB
2024-03-12 10:41:14,590e7c9e393e,6.85%,1.092GiB / 31.34GiB
2024-03-12 10:41:16,590e7c9e393e,14.00%,1.093GiB / 31.34GiB
2024-03-12 10:41:18,590e7c9e393e,12.74%,1.093GiB / 31.34GiB
2024-03-12 10:41:20,590e7c9e393e,1.54%,1.093GiB / 31.34GiB
2024-03-12 10:41:22,590e7c9e393e,2.07%,1.093GiB / 31.34GiB
2024-03-12 10:41:24,590e7c9e393e,14.84%,1.093GiB / 31.34GiB
2024-03-12 10:41:26,590e7c9e393e,10.93%,1.093GiB / 31.34GiB
2024-03-12 10:41:28,590e7c9e393e,4.59%,1.093GiB / 31.34GiB
2024-03-12 10:41:30,590e7c9e393e,12.30%,1.093GiB / 31.34GiB
2024-03-12 10:41:32,590e7c9e393e,45.37%,1.103GiB / 31.34GiB
2024-03-12 10:41:34,590e7c9e393e,34.44%,1.117GiB / 31.34GiB
2024-03-12 10:41:36,590e7c9e393e,11.84%,1.118GiB / 31.34GiB
2024-03-12 10:41:38,590e7c9e393e,17.17%,1.118GiB / 31.34GiB
2024-03-12 10:41:40,590e7c9e393e,11.95%,1.118GiB / 31.34GiB
2024-03-12 10:41:42,590e7c9e393e,9.94%,1.118GiB / 31.34GiB
2024-03-12 10:41:44,590e7c9e393e,4.92%,1.118GiB / 31.34GiB
2024-03-12 10:41:46,590e7c9e393e,8.60%,1.118GiB / 31.34GiB
2024-03-12 10:41:49,590e7c9e393e,18.66%,1.118GiB / 31.34GiB
2024-03-12 10:41:51,590e7c9e393e,13.00%,1.119GiB / 31.34GiB
2024-03-12 10:41:53,590e7c9e393e,10.91%,1.119GiB / 31.34GiB
2024-03-12 10:41:55,590e7c9e393e,13.71%,1.119GiB / 31.34GiB
2024-03-12 10:41:57,590e7c9e393e,8.34%,1.119GiB / 31.34GiB
2024-03-12 10:41:59,590e7c9e393e,2.37%,1.119GiB / 31.34GiB
2024-03-12 10:42:01,590e7c9e393e,1.71%,1.119GiB / 31.34GiB
2024-03-12 10:42:03,590e7c9e393e,21.55%,1.119GiB / 31.34GiB
2024-03-12 10:42:05,590e7c9e393e,11.23%,1.119GiB / 31.34GiB
2024-03-12 10:42:07,590e7c9e393e,11.64%,1.119GiB / 31.34GiB
2024-03-12 10:42:09,590e7c9e393e,16.67%,1.119GiB / 31.34GiB
2024-03-12 10:42:11,590e7c9e393e,12.83%,1.119GiB / 31.34GiB
2024-03-12 10:42:13,590e7c9e393e,6.67%,1.12GiB / 31.34GiB
2024-03-12 10:42:15,590e7c9e393e,13.51%,1.12GiB / 31.34GiB
2024-03-12 10:42:17,590e7c9e393e,15.77%,1.12GiB / 31.34GiB
2024-03-12 10:42:19,590e7c9e393e,1.27%,1.12GiB / 31.34GiB
2024-03-12 10:42:21,590e7c9e393e,12.99%,1.12GiB / 31.34GiB
2024-03-12 10:42:23,590e7c9e393e,12.07%,1.12GiB / 31.34GiB
2024-03-12 10:42:25,590e7c9e393e,22.19%,1.121GiB / 31.34GiB
2024-03-12 10:42:27,590e7c9e393e,14.88%,1.121GiB / 31.34GiB
2024-03-12 10:42:29,590e7c9e393e,12.40%,1.121GiB / 31.34GiB
2024-03-12 10:42:31,590e7c9e393e,8.13%,1.121GiB / 31.34GiB
2024-03-12 10:42:33,590e7c9e393e,24.09%,1.152GiB / 31.34GiB
2024-03-12 10:42:35,590e7c9e393e,27.79%,1.121GiB / 31.34GiB
2024-03-12 10:42:37,590e7c9e393e,2.53%,1.121GiB / 31.34GiB
2024-03-12 10:42:39,590e7c9e393e,14.17%,1.121GiB / 31.34GiB
2024-03-12 10:42:41,590e7c9e393e,18.85%,1.122GiB / 31.34GiB
2024-03-12 10:42:43,590e7c9e393e,15.79%,1.122GiB / 31.34GiB
2024-03-12 10:42:45,590e7c9e393e,11.56%,1.122GiB / 31.34GiB
2024-03-12 10:42:47,590e7c9e393e,15.79%,1.122GiB / 31.34GiB
2024-03-12 10:42:49,590e7c9e393e,14.23%,1.122GiB / 31.34GiB
2024-03-12 10:42:51,590e7c9e393e,12.39%,1.122GiB / 31.34GiB
2024-03-12 10:42:53,590e7c9e393e,1.39%,1.122GiB / 31.34GiB
2024-03-12 10:42:55,590e7c9e393e,11.80%,1.123GiB / 31.34GiB
2024-03-12 10:42:57,590e7c9e393e,15.10%,1.123GiB / 31.34GiB
2024-03-12 10:42:59,590e7c9e393e,11.51%,1.123GiB / 31.34GiB
2024-03-12 10:43:01,590e7c9e393e,1.50%,1.123GiB / 31.34GiB
2024-03-12 10:43:03,590e7c9e393e,4.80%,1.123GiB / 31.34GiB
2024-03-12 10:43:05,590e7c9e393e,2.37%,1.114GiB / 31.34GiB
