Timestamp,Transaction_Type,MIN,P50%,P95%,P99%,MAX
11:00:23,NEWORD,1745,3104,4652,11392,129174
11:00:23,PAYMENT,1121,1612,2200,32062,198814
11:00:23,DELIVERY,2969,4104,8826,15133,98628
11:00:23,SLEV,1377,1578,3954,4082,4198
11:00:23,OSTAT,518,722.5,1134,1460,2756
11:00:33,NEWORD,1539,2624,3886,154026,279061
11:00:33,PAYMENT,1085,1577,2481,145728,471840
11:00:33,DELIVERY,2960,3609,4582,104789,189804
11:00:33,SLEV,1322,1552.5,1890,1931,2026
11:00:33,OSTAT,498,745,979,1044,5547
11:00:43,NEWORD,1528,2540,3889,194186,479305
11:00:43,PAYMENT,1186,1614,2681,91324,393330
11:00:43,DELIVERY,2836,3632.5,4978,168816,170038
11:00:43,SLEV,1426,1650,2354,2489,2523
11:00:43,OSTAT,488,745,1076,1178,1604
11:00:53,NEWORD,1642,2666,102176,190148,215977
11:00:53,PAYMENT,1192,1722,31840,187538,219046
11:00:53,DELIVERY,2694,3719,90498,169845,169845
11:00:53,SLEV,1504,1794,2135,2331,2331
11:00:53,OSTAT,544,851.5,1217,1234,1234
11:01:03,NEWORD,1427,2370.5,3561,165121,207273
11:01:03,PAYMENT,1082,1587,2541,107066,201803
11:01:03,DELIVERY,2480,3356.5,4429,5981,191927
11:01:03,SLEV,1376,1644,2326,2711,2877
11:01:03,OSTAT,585,754,980,1157,1310
11:01:13,NEWORD,1434,2246,3429,182470,268388
11:01:13,PAYMENT,1125,1570,2363,151223,271280
11:01:13,DELIVERY,2524,3086.5,74414,151150,178983
11:01:13,SLEV,1432,1640,2125,2482,2748
11:01:13,OSTAT,516,760,1175,1269,1490
11:01:23,NEWORD,1429,2259,3873,168142,346968
11:01:23,PAYMENT,1097,1610.5,2484,97669,212604
11:01:23,DELIVERY,2560,3134,3618,3929,3942
11:01:23,SLEV,1458,1720,2167,2473,2500
11:01:23,OSTAT,531,744,996,1166,1181
11:01:33,NEWORD,1450,2268,70130,197802,446358
11:01:33,PAYMENT,1157,1625.5,30543,216674,267534
11:01:33,DELIVERY,2299,2939,4115,22389,22389
11:01:33,SLEV,1375,1644.5,2151,2418,2519
11:01:33,OSTAT,523,760,1098,1209,1209
11:01:43,NEWORD,1491,2134,2956,150661,422552
11:01:43,PAYMENT,1142,1613,2470,100797,190795
11:01:43,DELIVERY,2269,3138,93484,180898,205554
11:01:43,SLEV,1447,1669,2100,2178,2362
11:01:43,OSTAT,537,782,1023,1116,1169
11:01:53,NEWORD,1446,2177,3495,117416,278657
11:01:53,PAYMENT,1212,1636,2938,182596,398662
11:01:53,DELIVERY,2480,3128,55232,204247,273498
11:01:53,SLEV,1339,1674,2663,2934,3469
11:01:53,OSTAT,529,764,1211,1485,1525
11:02:03,NEWORD,1460,2097.5,96780,199740,280852
11:02:03,PAYMENT,1108,1559.5,58696,202155,294950
11:02:03,DELIVERY,2331,2951,97882,220477,220477
11:02:03,SLEV,1391,1632,2306,3727,3727
11:02:03,OSTAT,503,762,1030,1167,1167
11:02:13,NEWORD,1376,2024,2938,163281,265283
11:02:13,PAYMENT,1129,1528,2622,159338,333141
11:02:13,DELIVERY,2234,2896,3574,3897,4148
11:02:13,SLEV,1419,1639,2386,2500,3199
11:02:13,OSTAT,495,725,1065,1183,1200
11:02:23,NEWORD,1390,2013,3139,144868,285185
11:02:23,PAYMENT,1051,1550.5,2601,100892,217073
11:02:23,DELIVERY,2169,2920.5,4440,169865,186086
11:02:23,SLEV,1386,1655,2296,2699,3048
11:02:23,OSTAT,490,741.5,1199,1539,1540
11:02:33,NEWORD,1443,2649.5,92488,237728,270529
11:02:33,PAYMENT,1129,1651,60320,189463,446724
11:02:33,DELIVERY,2557,4555.5,6514,7084,7084
11:02:33,SLEV,1457,1669,2330,2412,2412
11:02:33,OSTAT,544,756,1013,1025,1025
11:02:43,NEWORD,2004,3242,93672,223376,266451
11:02:43,PAYMENT,1149,1787,91514,240630,382247
11:02:43,DELIVERY,3119,4479,27794,223868,223868
11:02:43,SLEV,1441,1698.5,2163,2385,2385
11:02:43,OSTAT,499,779,1181,1280,1280
11:02:53,NEWORD,1786,2885,12073,198687,436304
11:02:53,PAYMENT,1114,1642,2898,105212,254259
11:02:53,DELIVERY,2754,3694,17891,220810,220810
11:02:53,SLEV,1363,1643.5,2103,2256,2534
11:02:53,OSTAT,535,717,1021,1175,1203
11:03:03,NEWORD,1647,2614,23675,202415,261971
11:03:03,PAYMENT,1124,1597,3001,170291,215274
11:03:03,DELIVERY,2741,3738,4706,5077,5077
11:03:03,SLEV,1404,1652.5,2043,2139,2172
11:03:03,OSTAT,515,677.5,1017,1177,1534
11:03:13,NEWORD,1599,2694.5,84094,200300,222470
11:03:13,PAYMENT,1195,1723,3166,186410,385516
11:03:13,DELIVERY,2766,3701.5,85092,233220,233220
11:03:13,SLEV,1431,1708.5,2293,4310,4310
11:03:13,OSTAT,486,762.5,1154,1619,1619
11:03:23,NEWORD,1529,2536,25973,194732,276888
11:03:23,PAYMENT,1119,1658,18717,147949,228989
11:03:23,DELIVERY,2602,3401,18694,101066,157374
11:03:23,SLEV,1456,1673.5,2673,2903,2903
11:03:23,OSTAT,479,751.5,1197,1262,1318
11:03:33,NEWORD,1411,2163,3451,86919,301436
11:03:33,PAYMENT,1082,1585,2602,73904,205043
11:03:33,DELIVERY,2516,3260,4806,5001,192691
11:03:33,SLEV,1369,1675,75522,91041,1805144
11:03:33,OSTAT,472,736,1147,1231,1340
11:03:43,NEWORD,1383,1946,2881,63240,181904
11:03:43,PAYMENT,1060,1527.5,2442,77772,171755
11:03:43,DELIVERY,1971,3076,5833,67661,100188
11:03:43,SLEV,1283,1591,73433,77616,78945
11:03:43,OSTAT,479,735.5,1035,1092,1279
11:03:53,NEWORD,1362,1949.5,61923,225491,332242
11:03:53,PAYMENT,1158,1594,70830,231760,308863
11:03:53,DELIVERY,2324,2869.5,44752,214355,214355
11:03:53,SLEV,1404,1613,2293.5,73613,73613
11:03:53,OSTAT,495,661.5,912,1061,1061
11:04:03,NEWORD,1352,1923,6514,142495,216524
11:04:03,PAYMENT,1126,1539.5,2448,85536,244539
11:04:03,DELIVERY,2222,2878,3823,141551,156093
11:04:03,SLEV,1453,1675,76851,78448,83285
11:04:03,OSTAT,491,727,1164,1660,1882
11:04:13,NEWORD,1319,1901,3000,97841,352182
11:04:13,PAYMENT,1078,1516,2902,153500,195632
11:04:13,DELIVERY,2197,2856,3905,64133,64775
11:04:13,SLEV,1418,1645.5,75373,76800,78360
11:04:13,OSTAT,478,711.5,1065,1110,1383
11:04:23,NEWORD,1354,1867,3690,88101,212948
11:04:23,PAYMENT,1108,1525,3178,143297,437809
11:04:23,DELIVERY,2378,2771,5499,132433,210614
11:04:23,SLEV,1378,1657.5,75386,78380,78421
11:04:23,OSTAT,465,729,1063,1438,1495
11:04:33,NEWORD,1375,2060,20959,144322,268106
11:04:33,PAYMENT,1099,1687,21251,123895,264498
11:04:33,DELIVERY,2485,3316,4839,5596,19783
11:04:33,SLEV,1448,1820,84862,90744,96688
11:04:33,OSTAT,496,756,1185,1390,1580
11:04:43,NEWORD,1345,1904,3365,101578,274035
11:04:43,PAYMENT,1102,1551.5,3206,162642,261798
11:04:43,DELIVERY,2370,2978,4115,185583,223516
11:04:43,SLEV,1404,1635.5,2491,2672,2931
11:04:43,OSTAT,511,701.5,1162,1228,1465
11:04:53,NEWORD,1480,3054,103945,239834,269727
11:04:53,PAYMENT,1151,1732.5,6591,226159,281326
11:04:53,DELIVERY,2825,4113,86973,249483,249483
11:04:53,SLEV,1408,1682,2093,2389,2389
11:04:53,OSTAT,562,754,1040,1144,1144
11:05:03,NEWORD,1782,2822,84376,213527,255480
11:05:03,PAYMENT,1147,1646,19212,152848,190951
11:05:03,DELIVERY,2940,3758,5654,7198,7198
11:05:03,SLEV,1386,1619,1997,2192,2490
11:05:03,OSTAT,489,683.5,975,1263,1263
11:05:13,NEWORD,1877,3070.5,46816,184262,299691
11:05:13,PAYMENT,1193,1917,21817,151423,228714
11:05:13,DELIVERY,3360,4386,5797,42819,131008
11:05:13,SLEV,1457,1866,2872,3219,3219
11:05:13,OSTAT,536,838,1370,1469,1479
11:05:23,NEWORD,1536,2660,4592,176213,256163
11:05:23,PAYMENT,1205,1718,3125,170728,264297
11:05:23,DELIVERY,2939,3640.5,5030,57957,146106
11:05:23,SLEV,1418,1782,2371,2975,3223
11:05:23,OSTAT,478,757.5,1153,1446,1661
11:05:33,NEWORD,1681,2643.5,4963,169875.5,338364
11:05:33,PAYMENT,1164,1666,4250,196374,345933
11:05:33,DELIVERY,2691,3733.5,99102,217056,217056
11:05:33,SLEV,1347,1859,2554,2713,2898
11:05:33,OSTAT,527,808,1181,1246,1260
11:05:43,NEWORD,1572,2653,44423,203290,242504
11:05:43,PAYMENT,1157,1688,2978,84405,211203
11:05:43,DELIVERY,2828,4010,103967.5,146931,208769
11:05:43,SLEV,1502,2138,2784,3055,3179
11:05:43,OSTAT,533,773,1233,1485,1632
11:05:53,NEWORD,1428,2698,10416,191379,432728
11:05:53,PAYMENT,1135,1831,23236,201167,428892
11:05:53,DELIVERY,2973,4393,40394,135423,194010
11:05:53,SLEV,1519,2235,3016,3153,3153
11:05:53,OSTAT,600,928,1806,2159,2159
11:06:03,NEWORD,1505,2345,3972,165932,245569
11:06:03,PAYMENT,1064,1611,2599,147835,230920
11:06:03,DELIVERY,2573,3411,5421,105934,210209
11:06:03,SLEV,1446,1790,2554,2617,2896
11:06:03,OSTAT,484,827,1310,1337,64569
11:06:13,NEWORD,1453,2334,3674,199987,465639
11:06:13,PAYMENT,1151,1645,3072,93943,222797
11:06:13,DELIVERY,2584,3441,5426,6171,72993
11:06:13,SLEV,1456,1947,2829,3125,3305
11:06:13,OSTAT,556,783.5,1314,1363,1400
11:06:23,NEWORD,1530,2429.5,40051,210165,266109
11:06:23,PAYMENT,1148,1650,28195,176096,213949
11:06:23,DELIVERY,2584,3653,16017,110883,110883
11:06:23,SLEV,1371,2116,2777,2786,3002
11:06:23,OSTAT,549,801,1218,1343,1343
11:06:33,NEWORD,1480,2428,4511,126979,238090
11:06:33,PAYMENT,1184,1736,2736,141247,217097
11:06:33,DELIVERY,2811,4263,7143,94430,153550
11:06:33,SLEV,1523,2099.5,3095,3536,3674
11:06:33,OSTAT,537,828,1400,1490,1803
11:06:43,NEWORD,1364,2423.5,34044,162328,219070
11:06:43,PAYMENT,1128,1780,18116,225384,428779
11:06:43,DELIVERY,2548,3438,5058,68398,215734
11:06:43,SLEV,1516,2209,2927,3558,3558
11:06:43,OSTAT,585,946,1477,1980,2045
11:06:53,NEWORD,1563,2271,4466,156098,219221
11:06:53,PAYMENT,1179,1664,2990,97666,270809
11:06:53,DELIVERY,2674,3501,88005,209417,278853
11:06:53,SLEV,1447,2069,3224,3602,3946
11:06:53,OSTAT,516,779.5,1496,1893,2147
11:07:03,NEWORD,1530,2679,117979,211558,225232
11:07:03,PAYMENT,1196,1811.5,32132,239723,399167
11:07:03,DELIVERY,2626,3948,28928,31519,31519
11:07:03,SLEV,1385,2325,3158,5703,5703
11:07:03,OSTAT,483,884.5,1346,2053,2053
11:07:13,NEWORD,1477,2320.5,7657,185371,352509
11:07:13,PAYMENT,1125,1753,29908,195162,274585
11:07:13,DELIVERY,2535,3540,5744,7557,61046
11:07:13,SLEV,1460,2052.5,3519,3629,3884
11:07:13,OSTAT,482,882.5,1573,2037,2482
11:07:23,NEWORD,1456,2258,3517,174975,258193
11:07:23,PAYMENT,1074,1670.5,2931,81803,246599
11:07:23,DELIVERY,2387,3473,4752,7716,37129
11:07:23,SLEV,1529,1954,2610,3200,3275
11:07:23,OSTAT,490,857.5,1231,1647,1772
11:07:33,NEWORD,1360,1994,3263,170422,209589
11:07:33,PAYMENT,1074,1524,2634,87156,231921
11:07:33,DELIVERY,2351,3010,4083,4421,4652
11:07:33,SLEV,1374,1680,2687.5,3176,3444
11:07:33,OSTAT,470,734,1260,1897,2389
11:07:43,NEWORD,1571,3435,75824,205719,230415
11:07:43,PAYMENT,1132,1892.5,142475,256965,349218
11:07:43,DELIVERY,2532,6011,112398,216298,216298
11:07:43,SLEV,1695,2393.5,2946,3160,3160
11:07:43,OSTAT,428,875,1361,1613,1613
11:07:53,NEWORD,1857,3098.5,55869.5,229743,291397
11:07:53,PAYMENT,1072,1787,8909,103671,227160
11:07:53,DELIVERY,3409,4386,117076,222257,222257
11:07:53,SLEV,1388,1924,3163,3742,3742
11:07:53,OSTAT,522,788.5,1048,1182,1182
11:08:03,NEWORD,1851,3083,11634,188909,439158
11:08:03,PAYMENT,1149,1767.5,3839,207457,290147
11:08:03,DELIVERY,3148,4468,6915,112030,202902
11:08:03,SLEV,1449,1889,2994,3108,3108
11:08:03,OSTAT,514,849,1257,1886,1886
11:08:13,NEWORD,1624,2879.5,74896,201298,234133
11:08:13,PAYMENT,1123,1756,22167,183296,218876
11:08:13,DELIVERY,2994,4217.5,102194,176040,209618
11:08:13,SLEV,1483,2111,2807,4255,4255
11:08:13,OSTAT,550,848,1501,1601,1737
11:08:23,NEWORD,1513,2675,5237,202379,238680
11:08:23,PAYMENT,1101,1630,19679,204797,250828
11:08:23,DELIVERY,2914,3631.5,5410,79852,104360
11:08:23,SLEV,1418,2096.5,2872,3552,3698
11:08:23,OSTAT,462,728,1069,1794,1878
11:08:33,NEWORD,1475,2670,5631,168112,266538
11:08:33,PAYMENT,973,1754,4488,158758,220414
11:08:33,DELIVERY,2493,3569,7209,56405,58072
11:08:33,SLEV,1343,1800.5,2931,3086,4793
11:08:33,OSTAT,526,792,1525,1583,1684
11:08:43,NEWORD,1594,2559.5,3965,95807,270351
11:08:43,PAYMENT,1179,1731,3335,158090,220258
11:08:43,DELIVERY,2717,3587.5,5169,125985,209938
11:08:43,SLEV,1531,2032.5,2844,3102,3293
11:08:43,OSTAT,564,814,1298,1453,1921
11:08:53,NEWORD,1520,2429.5,20541,161837,213363
11:08:53,PAYMENT,1162,1632,30403,194893,309560
11:08:53,DELIVERY,2654,3721,99219,237859,237859
11:08:53,SLEV,1508,2003,2476,2598,2620
11:08:53,OSTAT,574,768,1058,1215,1390
11:09:03,NEWORD,1354,2296,30235,213481,289339
11:09:03,PAYMENT,1094,1530,2768,103046,222981
11:09:03,DELIVERY,2677,3410,18710,191904,197819
11:09:03,SLEV,1447,1915,2766,2977,3101
11:09:03,OSTAT,474,744,1172,1392,1394
11:09:13,NEWORD,1422,2369,3670,156714,236482
11:09:13,PAYMENT,1131,1644.5,2674,100895,215579
11:09:13,DELIVERY,2470,3840,6250,81467,401175
11:09:13,SLEV,1401,2039.5,3157,3540,4824
11:09:13,OSTAT,484,783,1302,1569,1711
11:09:23,NEWORD,1360,2212.5,3742,174280,508814
11:09:23,PAYMENT,1059,1581,2672,141803,255825
11:09:23,DELIVERY,2382,3324,31243,155954,223128
11:09:23,SLEV,1389,1853,2886,2968,3171
11:09:23,OSTAT,502,761,1206,1308,1400
11:09:33,NEWORD,1511,2329,66943,198616,220517
11:09:33,PAYMENT,1174,1710,50948,196360,234041
11:09:33,DELIVERY,2604,4864,56920,209024,209024
11:09:33,SLEV,1341,1760,2649,3268,3268
11:09:33,OSTAT,589,857,1557,1914,1914
11:09:43,NEWORD,1481,2316,4541,106752,267591
11:09:43,PAYMENT,1063,1670,3431,97732,253391
11:09:43,DELIVERY,2534,3660,6281,176883,180008
11:09:43,SLEV,1363,1953,2698,3666,3679
11:09:43,OSTAT,543,788,1445,1789,4405
11:09:53,NEWORD,1403,2180,3892,165419,243480
11:09:53,PAYMENT,1173,1655.5,3661,185919,436428
11:09:53,DELIVERY,2423,3192.5,4493,7072,91559
11:09:53,SLEV,1409,1731,2334,3011,3300
11:09:53,OSTAT,494,831,1437,1879,2107
11:10:03,NEWORD,1384,2553.5,53487,175384,247541
11:10:03,PAYMENT,1156,1958.5,63051,204142,377137
11:10:03,DELIVERY,2636,3988,36219,67255,67255
11:10:03,SLEV,1523,2090,3302,4455,4455
11:10:03,OSTAT,583,881,1339,1489,1489
11:10:13,NEWORD,1360,1961,3090,101977,184695
11:10:13,PAYMENT,1063,1495,2348,100334,247847
11:10:13,DELIVERY,2290,2901.5,4131,169351,194094
11:10:13,SLEV,1452,1633,2333,2870,3047
11:10:13,OSTAT,466,704.5,1037,1435,1563
11:10:23,NEWORD,1307,1889,2912,98420,206946
11:10:23,PAYMENT,1072,1468,2452,164057,262659
11:10:23,DELIVERY,2334,2865,3774,38111,100566
11:10:23,SLEV,1410,1588,1991,2408,2755
11:10:23,OSTAT,502,719,1004,1185,3418
11:10:33,NEWORD,1350,1960,3553,176015,317670
11:10:33,PAYMENT,1065,1502,2601,102259,288111
11:10:33,DELIVERY,2418,3044,4296,9396,146444
11:10:33,SLEV,1394,1606,2204,2927,173406
11:10:33,OSTAT,474,720,1213,1483,1711
11:10:43,NEWORD,1437,2832.5,81069,204580,291906
11:10:43,PAYMENT,1181,1674,53401,208209,246240
11:10:43,DELIVERY,2551,4153.5,54209,232657,232657
11:10:43,SLEV,1404,1746.5,2333,2670,2670
11:10:43,OSTAT,503,717,1218,1358,1358
11:10:53,NEWORD,1684,2866,9817,200075,339742
11:10:53,PAYMENT,1162,1610,2839,155022,255455
11:10:53,DELIVERY,2946,3926,5629,208851,247809
11:10:53,SLEV,1377,1601,2050,2430,2618
11:10:53,OSTAT,468,670,1048,1126,1158
11:11:03,NEWORD,1801,2730,21178,210017,473761
11:11:03,PAYMENT,1051,1604,84526,208829,259520
11:11:03,DELIVERY,2850,3612,4367,4481,4526
11:11:03,SLEV,1441,1709.5,2421,2622,2622
11:11:03,OSTAT,528,758,1479,1817,1891
11:11:13,NEWORD,1677,2594,4217,142366,219554
11:11:13,PAYMENT,1102,1608.5,2980,177150,246770
11:11:13,DELIVERY,2559,3453.5,5432,85816,217515
11:11:13,SLEV,1404,1711,2497,2539,2697
11:11:13,OSTAT,526,730.5,1122,1166,1195
11:11:23,NEWORD,1739,4858,533095.5,742255,770023
11:11:23,PAYMENT,1262,4113,225510,576833,813012
11:11:23,DELIVERY,3330,3933,183191,183191,183191
11:11:23,SLEV,1588,1826,2136,2136,2136
11:11:23,OSTAT,993,993,993,993,993
11:11:33,NEWORD,1681,2685.5,580960,781670,783807
11:11:33,PAYMENT,1177,1869.5,302267,758088,871346
11:11:33,DELIVERY,2927,3176.5,24738,24738,24738
11:11:33,SLEV,1515,1654.5,1828,1828,1828
11:11:33,OSTAT,526,746.5,998,998,998
11:11:43,NEWORD,1651,3064.5,538520,783280,790572
11:11:43,PAYMENT,1185,1989,270313,737714,772646
11:11:43,DELIVERY,2791,5091,768891,768891,768891
11:11:43,SLEV,1635,1849,2538,2538,2538
11:11:43,OSTAT,533,656,786,890,890
11:11:53,NEWORD,1724,3126,400121,812103,813583
11:11:53,PAYMENT,1272,2087,357350,594063,611955
11:11:53,DELIVERY,2766,3992,12197,12197,12197
11:11:53,SLEV,1266,1625,2468,2468,2468
11:11:53,OSTAT,536,761,909,980,980
11:12:03,NEWORD,1596,3108,606368,781287,805344
11:12:03,PAYMENT,1251,2067.5,397353,777882,783072
11:12:03,DELIVERY,3016,3534,164796,367308,367308
11:12:03,SLEV,1532,1650,1782,1782,1782
11:12:03,OSTAT,596,701,746,746,746
11:12:13,NEWORD,1843,2887,9694,754462,776916
11:12:13,PAYMENT,1199,1963,203197,774366,798518
11:12:13,DELIVERY,3006,3462,5779,780090,780090
11:12:13,SLEV,1512,1667,2067,2086,2086
11:12:13,OSTAT,536,724,1225,7942,7942
11:12:23,NEWORD,1680,2917,591634,787552,795683
11:12:23,PAYMENT,1125,1851,6715,770498,776133
11:12:23,DELIVERY,2724,3229,6042,6042,6042
11:12:23,SLEV,1504,1683,2275,2275,2275
11:12:23,OSTAT,488,666,946,946,946
11:12:33,NEWORD,1679,2839,428501,795330,802939
11:12:33,PAYMENT,1175,1879,188864,758700,783693
11:12:33,DELIVERY,2912,3822.5,212504,595888,595888
11:12:33,SLEV,1560,1891,2400,2634,2634
11:12:33,OSTAT,680,939,1229,1250,1250
11:12:43,NEWORD,1580,2683,399382,777624,804140
11:12:43,PAYMENT,1109,1798,177159,796507,805088
11:12:43,DELIVERY,2598,3591,219258,545574,545574
11:12:43,SLEV,1476,1802,1941,1982,1982
11:12:43,OSTAT,603,752.5,878,1042,1042
11:12:53,NEWORD,1416,2579.5,294976,613946,843040
11:12:53,PAYMENT,1243,1842,202028,776559,782241
11:12:53,DELIVERY,2621,3423,10450,547208,547208
11:12:53,SLEV,1554,1695,2602,3747,3747
11:12:53,OSTAT,579,781.5,1016,1037,1037
11:13:03,NEWORD,1613,2646,235200,846123,1027601
11:13:03,PAYMENT,1173,2043,771489,798237,978387
11:13:03,DELIVERY,2877,3168,5146,6016,6016
11:13:03,SLEV,1406,1669,2116,2116,2116
11:13:03,OSTAT,604,680,1106,1106,1106
11:13:13,NEWORD,1523,2432,319753,596633,801778
11:13:13,PAYMENT,1146,1806,613366,796734,800093
11:13:13,DELIVERY,2629,3146,4328,6667,6667
11:13:13,SLEV,1351,1623,2464,2464,2464
11:13:13,OSTAT,515,716,1028,1124,1124
11:13:23,NEWORD,1928,2784.5,366788,754311,818095
11:13:23,PAYMENT,1182,1924,353367,637607,814647
11:13:23,DELIVERY,2857,3465.5,762523,813352,813352
11:13:23,SLEV,1453,1758,2159,2190,2190
11:13:23,OSTAT,547,810.5,968,968,968
11:13:33,NEWORD,1485,2456,196560,770922,785041
11:13:33,PAYMENT,1153,1736,596098,753304,799636
11:13:33,DELIVERY,2534,3264,4190,785237,785237
11:13:33,SLEV,1443,1680.5,1950,1950,1950
11:13:33,OSTAT,559,738,1099,1099,1099
11:13:43,NEWORD,1541,2678,7462,382236,807643
11:13:43,PAYMENT,1138,1863.5,575621,784065,787370
11:13:43,DELIVERY,2873,3456,528091,764277,764277
11:13:43,SLEV,1250,1686,1856,2394,2394
11:13:43,OSTAT,536,696,846,846,846
11:13:53,NEWORD,1550,2414.5,411414,736515,775689
11:13:53,PAYMENT,1181,1606,9336,736880,840149
11:13:53,DELIVERY,2590,3342.5,7283,749516,749516
11:13:53,SLEV,1404,1565,1746,1864,1864
11:13:53,OSTAT,499,660,849,1092,1092
11:14:03,NEWORD,1676,2457.5,275019,941172,957260
11:14:03,PAYMENT,1163,1620.5,570117,730001,795690
11:14:03,DELIVERY,2744,3858.5,740730,740730,740730
11:14:03,SLEV,1444,1665,2360,2360,2360
11:14:03,OSTAT,491,785,1052,1052,1052
11:14:13,NEWORD,1536,2379,212661,779403,796608
11:14:13,PAYMENT,1200,1523,205034,799746,945554
11:14:13,DELIVERY,2580,3131,3823,10741,10741
11:14:13,SLEV,1479,1653,1874,2154,2154
11:14:13,OSTAT,513,709.5,1016,1052,1052
11:14:23,NEWORD,1594,2317,420910,793812,814942
11:14:23,PAYMENT,1114,1598,439635,767096,804724
11:14:23,DELIVERY,2855,3074,5433,5433,5433
11:14:23,SLEV,1476,1645,2248,2486,2486
11:14:23,OSTAT,482,732,1066,1066,1066
11:14:33,NEWORD,1481,2298,274068.5,778839,786423
11:14:33,PAYMENT,1131,1663,461439,798713,1007157
11:14:33,DELIVERY,2816,3466,586357,586357,586357
11:14:33,SLEV,1341,1533,1874,1874,1874
11:14:33,OSTAT,472,648,1232,1232,1232
11:14:43,NEWORD,1614,2314,766053,788178,794490
11:14:43,PAYMENT,1123,1589,408222,881076.5,962574
11:14:43,DELIVERY,2720,2963,3401,6973,6973
11:14:43,SLEV,1395,1555.5,1649,1650,1650
11:14:43,OSTAT,614,654.5,912,912,912
11:14:53,NEWORD,1596,2450,184961,788053,798552
11:14:53,PAYMENT,1144,1703,567051,797332,799268
11:14:53,DELIVERY,2778,3308,4330,7894,7894
11:14:53,SLEV,1549,1630,2477,2477,2477
11:14:53,OSTAT,597,737,918,1097,1097
11:15:03,NEWORD,1728,2468,603183,817853,996840
11:15:03,PAYMENT,1234,1764,399083,762878,783311
11:15:03,DELIVERY,2783,3305,5350,5350,5350
11:15:03,SLEV,1473,1668,2791,2791,2791
11:15:03,OSTAT,544,643,886,886,886
11:15:13,NEWORD,1513,2371,350999,759873,782462
11:15:13,PAYMENT,1179,1690,358712,777286,824791
11:15:13,DELIVERY,2459,3284,8158,56831,56831
11:15:13,SLEV,1492,1589.5,1850,1898,1898
11:15:13,OSTAT,516,735.5,1031,4284,4284
11:15:23,NEWORD,1508,2260,6991,785920,792839
11:15:23,PAYMENT,1035,1715,200516,795383,804435
11:15:23,DELIVERY,2837,3731.5,610563,756908,756908
11:15:23,SLEV,1426,1667.5,1917,1917,1917
11:15:23,OSTAT,645,749,847,847,847
11:15:33,NEWORD,1521,2165,590010,808153,810790
11:15:33,PAYMENT,1170,1572,6721,775410,798768
11:15:33,DELIVERY,2480,2812.5,3765,3765,3765
11:15:33,SLEV,1474,1530,1905,1905,1905
11:15:33,OSTAT,720,778,852,852,852
11:15:43,NEWORD,1625,3838.5,585955,815643,975424
11:15:43,PAYMENT,1144,1942.5,166022,411884,736018
11:15:43,DELIVERY,2648,4212,29904,1105193,1105193
11:15:43,SLEV,1420,1616,1761,1823,1823
11:15:43,OSTAT,529,701.5,905,905,905
11:15:53,NEWORD,2126,6079,204524,566238,810284
11:15:53,PAYMENT,1521,4785.5,579880,770192,857535
11:15:53,DELIVERY,4056,21398,593971,593971,593971
11:15:53,SLEV,1478,1641,2152,2152,2152
11:15:53,OSTAT,552,841,1427,2041,2041
11:16:03,NEWORD,2094,6036,406069,793536,814027
11:16:03,PAYMENT,1300,3402.5,183835,557369,657292
11:16:03,DELIVERY,3197,4619,537872,782328,782328
11:16:03,SLEV,1476,1664,2138,2138,2138
11:16:03,OSTAT,641,813.5,1065,1793,1793
11:16:13,NEWORD,2012,5157,443908,748092,797193
11:16:13,PAYMENT,1341,4063.5,35039,610240,717693
11:16:13,DELIVERY,3338,6257.5,16663,16663,16663
11:16:13,SLEV,1387,1606,2054,2118,2118
11:16:13,OSTAT,614,753,1752,1752,1752
11:16:23,NEWORD,2016,4818.5,262828,690769,746097
11:16:23,PAYMENT,1268,4210.5,399424,759708,761917
11:16:23,DELIVERY,3486,4160,577968,577968,577968
11:16:23,SLEV,1326,1695,1887,2401,2401
11:16:23,OSTAT,548,778,1078,1078,1078
11:16:33,NEWORD,2002,4298,194027,739494,783634
11:16:33,PAYMENT,1289,3424,461920,732314,760833
11:16:33,DELIVERY,3089,4862,18526,36765,36765
11:16:33,SLEV,1372,1672,1987,2325,2325
11:16:33,OSTAT,626,722,1124,1124,1124
11:16:43,NEWORD,1935,4286,596843,756752,763076
11:16:43,PAYMENT,1242,2831,218593,414464,721931
11:16:43,DELIVERY,3582,3953,7176,9966,9966
11:16:43,SLEV,1531,1655,1746,1820,1820
11:16:43,OSTAT,526,767,942,1847,1847
11:16:53,NEWORD,1952,5226,244933,701919,741362
11:16:53,PAYMENT,1285,4265,385618,628933,724209
11:16:53,DELIVERY,3267,7064,9748,9748,9748
11:16:53,SLEV,1529,1760,2531,2531,2531
11:16:53,OSTAT,555,753,877,1059,1059
11:17:03,NEWORD,1825,3939.5,571143,731879,757052
11:17:03,PAYMENT,1239,2403.5,228528,723421,747089
11:17:03,DELIVERY,3328,6653,215132,215132,215132
11:17:03,SLEV,1351,1535.5,1962,1962,1962
11:17:03,OSTAT,535,680,814,814,814
11:17:13,NEWORD,2302,4199,549268,792329,861903
11:17:13,PAYMENT,1479,2710,167977,407942,621746
11:17:13,DELIVERY,3744,4652,739467,750003,750003
11:17:13,SLEV,1447,1716,2476,2597,2597
11:17:13,OSTAT,664,958,1278,1326,1326
11:17:23,NEWORD,1693,4687,385228,761808,968674
11:17:23,PAYMENT,1310,3359.5,21034,622478,767950
11:17:23,DELIVERY,3095,3640.5,7912.5,8423,8423
11:17:23,SLEV,1604,1654,1997,1997,1997
11:17:23,OSTAT,513,689,891,963,963
11:17:33,NEWORD,1893,3635,596761,733947,824665
11:17:33,PAYMENT,1234,3058,240471,605511,767898
11:17:33,DELIVERY,3715,6507.5,786746,786746,786746
11:17:33,SLEV,1348,1623.5,1981,1981,1981
11:17:33,OSTAT,503,626.5,655,655,655
11:17:43,NEWORD,1697,3382,611279,795598,811115
11:17:43,PAYMENT,1308,2494,106624,672410,763069
11:17:43,DELIVERY,3478,4503,167458,167458,167458
11:17:43,SLEV,1401,1739,2043,2408,2408
11:17:43,OSTAT,652,944,1362,1362,1362
11:17:53,NEWORD,1685,3685,183024,760611,766723
11:17:53,PAYMENT,1208,2821.5,234859.5,561741,877907
11:17:53,DELIVERY,3164,4710.5,736697,736697,736697
11:17:53,SLEV,1465,1620,1869,1973,1973
11:17:53,OSTAT,614,668,949,949,949
11:18:03,NEWORD,236397,431890,563494,573378,573378
11:18:03,PAYMENT,249613,340522.5,555771,575279,575279
11:18:03,OSTAT,948,948,948,948,948
11:18:13,NEWORD,229985,299567.5,567212,586844,586844
11:18:13,PAYMENT,244461,342227,467432,507199,507199
11:18:13,SLEV,1819,1819,1819,1819,1819
11:18:13,OSTAT,665,859.5,1054,1054,1054
11:18:23,NEWORD,1684,3500,255113,609868,816146
11:18:23,PAYMENT,1306,2436,284296,770359,780201
11:18:23,DELIVERY,3301,4813,317638,317638,317638
11:18:23,SLEV,1531,1700,2401,2401,2401
11:18:23,OSTAT,499,670,963,1012,1012
11:18:33,NEWORD,1804,3686.5,596817,769207,770112
11:18:33,PAYMENT,1249,2648,404104,580900,603944
11:18:33,DELIVERY,3059,3754.5,220034,220034,220034
11:18:33,SLEV,1633,1805,2163,2241,2241
11:18:33,OSTAT,485,672,1069,1677,1677
11:18:43,NEWORD,1792,3372,384378,772912,810951
11:18:43,PAYMENT,1245,2163,186802,768188,876850
11:18:43,DELIVERY,2872,4288,6806,540776,540776
11:18:43,SLEV,1658,1703,2021,2021,2021
11:18:43,OSTAT,562,670,806,1049,1049
11:18:53,NEWORD,1764,3081,549090,725463,796667
11:18:53,PAYMENT,1156,1869,360742,594188,694999
11:18:53,DELIVERY,3078,3556.5,5375,5375,5375
11:18:53,SLEV,1398,1551,2202,2583,2583
11:18:53,OSTAT,492,661,772,1175,1175
11:19:03,NEWORD,1683,2861,649657,786640,795367
11:19:03,PAYMENT,1204,1713.5,362801,629874,741238
11:19:03,DELIVERY,2957,3306,4206,6982,6982
11:19:03,SLEV,1383,1612,1870,2004,2004
11:19:03,OSTAT,467,779.5,896,1015,1015
11:19:13,NEWORD,1869,3444,12231,757645,764930
11:19:13,PAYMENT,1103,2246,566891,785168,975262
11:19:13,DELIVERY,2730,3306,5108,195574,195574
11:19:13,SLEV,1419,1605,2007,2288,2288
11:19:13,OSTAT,560,681,941,12028,12028
11:19:23,NEWORD,1612,2730,62606,772572,812176
11:19:23,PAYMENT,1154,2759,572755,660873,752052
11:19:23,DELIVERY,3051,4395,38729,38729,38729
11:19:23,SLEV,1470,1609,1821,1821,1821
11:19:23,OSTAT,473,706,811,1093,1093
11:19:33,NEWORD,1489,2914,10201,728296,779579
11:19:33,PAYMENT,1204,2024.5,459247,757113,993608
11:19:33,DELIVERY,2836,4536.5,775831,775831,775831
11:19:33,SLEV,1447,1546.5,1930,2361,2361
11:19:33,OSTAT,511,775,1079,195178,195178
11:19:43,NEWORD,1703,2910,428671,791144,825614
11:19:43,PAYMENT,1327,2107,571404,801439,811616
11:19:43,DELIVERY,3079,3490,7456,7456,7456
11:19:43,SLEV,1549,1725.5,2271,2370,2370
11:19:43,OSTAT,609,813.5,970,977,977
11:19:53,NEWORD,1569,2645.5,514429,757821,775221
11:19:53,PAYMENT,990,1813.5,581627,778121,847330
11:19:53,DELIVERY,2501,3090.5,4621,7053,7053
11:19:53,SLEV,1355,1581,2031,3146,3146
11:19:53,OSTAT,548,694,787,787,787
11:20:03,NEWORD,1732,2951,7154,785785,812063
11:20:03,PAYMENT,1174,1926,327208,727060,945839
11:20:03,DELIVERY,3354,3901.5,631835,793655,793655
11:20:03,SLEV,1692,1929.5,2200,2200,2200
11:20:03,OSTAT,644,743,898,898,898
11:20:13,NEWORD,1753,3805,391681,782515,802773
11:20:13,PAYMENT,1249,2907,385902,734799,786579
11:20:13,DELIVERY,2839,3879,39168,751094,751094
11:20:13,SLEV,1427,1732,2086,2086,2086
11:20:13,OSTAT,516,665,1176,1176,1176
11:20:23,NEWORD,2875,178205,716975,730236,730236
11:20:23,PAYMENT,10649,96641,410510,811520,811520
11:20:23,DELIVERY,133494,170809,176755,176755,176755
11:20:23,SLEV,1603,1810,1849,1849,1849
11:20:23,OSTAT,725,725,725,725,725
