Time,Container Name,CPU Usage (seconds),Memory Usage (current),Memory Usage (peak)
2024-03-09 11:09:39,pgsql,53,2.73GB,2.77GB
2024-03-09 11:09:41,pgsql,53,2.73GB,2.77GB
2024-03-09 11:09:43,pgsql,53,2.73GB,2.77GB
2024-03-09 11:09:45,pgsql,53,2.73GB,2.77GB
2024-03-09 11:09:47,pgsql,53,2.73GB,2.77GB
2024-03-09 11:09:49,pgsql,53,2.74GB,2.77GB
2024-03-09 11:09:52,pgsql,54,2.74GB,2.77GB
2024-03-09 11:09:54,pgsql,55,2.75GB,2.77GB
2024-03-09 11:09:56,pgsql,55,2.75GB,2.77GB
2024-03-09 11:09:58,pgsql,55,2.75GB,2.77GB
2024-03-09 11:10:00,pgsql,56,2.75GB,2.77GB
2024-03-09 11:10:02,pgsql,56,2.75GB,2.77GB
2024-03-09 11:10:04,pgsql,56,2.75GB,2.77GB
2024-03-09 11:10:06,pgsql,56,2.75GB,2.77GB
2024-03-09 11:10:08,pgsql,57,2.75GB,2.77GB
2024-03-09 11:10:10,pgsql,57,2.75GB,2.77GB
2024-03-09 11:10:12,pgsql,57,2.76GB,2.77GB
2024-03-09 11:10:14,pgsql,58,2.76GB,2.77GB
2024-03-09 11:10:17,pgsql,58,2.76GB,2.77GB
2024-03-09 11:10:19,pgsql,58,2.76GB,2.77GB
2024-03-09 11:10:21,pgsql,58,2.76GB,2.77GB
2024-03-09 11:10:23,pgsql,59,2.76GB,2.77GB
2024-03-09 11:10:25,pgsql,59,2.76GB,2.77GB
2024-03-09 11:10:27,pgsql,59,2.76GB,2.77GB
2024-03-09 11:10:29,pgsql,59,2.76GB,2.77GB
2024-03-09 11:10:31,pgsql,59,2.76GB,2.77GB
2024-03-09 11:10:33,pgsql,59,2.76GB,2.77GB
2024-03-09 11:10:35,pgsql,59,2.76GB,2.77GB
2024-03-09 11:10:37,pgsql,60,2.76GB,2.77GB
2024-03-09 11:10:39,pgsql,60,2.76GB,2.77GB
2024-03-09 11:10:42,pgsql,60,2.76GB,2.77GB
2024-03-09 11:10:44,pgsql,60,2.76GB,2.77GB
2024-03-09 11:10:46,pgsql,61,2.76GB,2.77GB
2024-03-09 11:10:48,pgsql,61,2.77GB,2.77GB
2024-03-09 11:10:50,pgsql,61,2.77GB,2.77GB
2024-03-09 11:10:52,pgsql,61,2.77GB,2.77GB
2024-03-09 11:10:54,pgsql,62,2.77GB,2.77GB
2024-03-09 11:10:56,pgsql,62,2.77GB,2.77GB
2024-03-09 11:10:58,pgsql,62,2.77GB,2.77GB
2024-03-09 11:11:00,pgsql,62,2.77GB,2.77GB
2024-03-09 11:11:02,pgsql,62,2.77GB,2.77GB
2024-03-09 11:11:05,pgsql,62,2.77GB,2.77GB
2024-03-09 11:11:07,pgsql,63,2.77GB,2.77GB
2024-03-09 11:11:09,pgsql,63,2.77GB,2.77GB
2024-03-09 11:11:11,pgsql,63,2.77GB,2.77GB
2024-03-09 11:11:13,pgsql,63,2.77GB,2.77GB
2024-03-09 11:11:15,pgsql,64,2.77GB,2.77GB
2024-03-09 11:11:17,pgsql,64,2.77GB,2.77GB
2024-03-09 11:11:19,pgsql,64,2.77GB,2.77GB
2024-03-09 11:11:21,pgsql,64,2.77GB,2.77GB
2024-03-09 11:11:23,pgsql,64,2.77GB,2.77GB
2024-03-09 11:11:25,pgsql,65,2.77GB,2.78GB
2024-03-09 11:11:27,pgsql,65,2.77GB,2.78GB
2024-03-09 11:11:30,pgsql,65,2.78GB,2.78GB
2024-03-09 11:11:32,pgsql,66,2.78GB,2.78GB
2024-03-09 11:11:34,pgsql,66,2.78GB,2.78GB
2024-03-09 11:11:36,pgsql,66,2.78GB,2.78GB
2024-03-09 11:11:38,pgsql,66,2.78GB,2.78GB
2024-03-09 11:11:40,pgsql,66,2.78GB,2.78GB
2024-03-09 11:11:42,pgsql,67,2.78GB,2.78GB
2024-03-09 11:11:44,pgsql,67,2.78GB,2.78GB
2024-03-09 11:11:46,pgsql,67,2.78GB,2.78GB
2024-03-09 11:11:48,pgsql,67,2.78GB,2.78GB
2024-03-09 11:11:50,pgsql,68,2.78GB,2.78GB
2024-03-09 11:11:52,pgsql,68,2.78GB,2.78GB
2024-03-09 11:11:55,pgsql,68,2.78GB,2.78GB
2024-03-09 11:11:57,pgsql,69,2.78GB,2.78GB
2024-03-09 11:11:59,pgsql,69,2.78GB,2.78GB
2024-03-09 11:12:01,pgsql,69,2.78GB,2.78GB
2024-03-09 11:12:03,pgsql,69,2.78GB,2.78GB
2024-03-09 11:12:05,pgsql,70,2.78GB,2.78GB
2024-03-09 11:12:07,pgsql,70,2.78GB,2.79GB
2024-03-09 11:12:09,pgsql,70,2.79GB,2.79GB
2024-03-09 11:12:11,pgsql,70,2.79GB,2.79GB
2024-03-09 11:12:13,pgsql,70,2.79GB,2.79GB
2024-03-09 11:12:15,pgsql,70,2.79GB,2.79GB
2024-03-09 11:12:18,pgsql,71,2.79GB,2.79GB
2024-03-09 11:12:20,pgsql,71,2.79GB,2.79GB
2024-03-09 11:12:22,pgsql,71,2.79GB,2.79GB
2024-03-09 11:12:24,pgsql,72,2.79GB,2.79GB
2024-03-09 11:12:26,pgsql,72,2.79GB,2.79GB
2024-03-09 11:12:28,pgsql,72,2.81GB,2.81GB
2024-03-09 11:12:30,pgsql,73,2.81GB,2.81GB
2024-03-09 11:12:32,pgsql,73,2.81GB,2.81GB
2024-03-09 11:12:34,pgsql,74,2.79GB,2.81GB
2024-03-09 11:12:36,pgsql,77,2.80GB,2.81GB
2024-03-09 11:12:38,pgsql,81,2.80GB,2.81GB
2024-03-09 11:12:41,pgsql,86,2.80GB,2.81GB
2024-03-09 11:12:43,pgsql,89,2.80GB,2.81GB
2024-03-09 11:12:45,pgsql,93,2.80GB,2.81GB
2024-03-09 11:12:47,pgsql,96,2.80GB,2.81GB
2024-03-09 11:12:49,pgsql,97,2.80GB,2.81GB
2024-03-09 11:12:51,pgsql,97,2.80GB,2.81GB
2024-03-09 11:12:53,pgsql,99,2.80GB,2.81GB
2024-03-09 11:12:55,pgsql,103,2.80GB,2.81GB
2024-03-09 11:12:57,pgsql,106,2.80GB,2.81GB
2024-03-09 11:13:00,pgsql,110,2.80GB,2.81GB
2024-03-09 11:13:02,pgsql,112,2.80GB,2.81GB
2024-03-09 11:13:04,pgsql,114,2.80GB,2.81GB
2024-03-09 11:13:06,pgsql,118,2.80GB,2.81GB
2024-03-09 11:13:08,pgsql,119,2.80GB,2.81GB
2024-03-09 11:13:10,pgsql,122,2.80GB,2.81GB
2024-03-09 11:13:12,pgsql,126,2.80GB,2.81GB
2024-03-09 11:13:14,pgsql,130,2.81GB,2.81GB
2024-03-09 11:13:16,pgsql,134,2.80GB,2.81GB
2024-03-09 11:13:18,pgsql,137,2.80GB,2.81GB
2024-03-09 11:13:20,pgsql,140,2.81GB,2.81GB
2024-03-09 11:13:23,pgsql,144,2.80GB,2.81GB
2024-03-09 11:13:25,pgsql,145,2.81GB,2.81GB
2024-03-09 11:13:27,pgsql,146,2.80GB,2.81GB
2024-03-09 11:13:29,pgsql,147,2.80GB,2.81GB
2024-03-09 11:13:31,pgsql,147,2.81GB,2.81GB
2024-03-09 11:13:33,pgsql,147,2.81GB,2.81GB
2024-03-09 11:13:35,pgsql,148,2.81GB,2.81GB
2024-03-09 11:13:37,pgsql,148,2.81GB,2.81GB
2024-03-09 11:13:39,pgsql,148,2.81GB,2.81GB
2024-03-09 11:13:41,pgsql,149,2.81GB,2.81GB
2024-03-09 11:13:43,pgsql,149,2.81GB,2.81GB
2024-03-09 11:13:46,pgsql,149,2.81GB,2.81GB
2024-03-09 11:13:48,pgsql,149,2.81GB,2.81GB
2024-03-09 11:13:50,pgsql,150,2.81GB,2.81GB
2024-03-09 11:13:52,pgsql,150,2.81GB,2.81GB
2024-03-09 11:13:54,pgsql,150,2.81GB,2.81GB
2024-03-09 11:13:56,pgsql,151,2.81GB,2.81GB
2024-03-09 11:13:58,pgsql,151,2.81GB,2.81GB
2024-03-09 11:14:00,pgsql,151,2.81GB,2.81GB
2024-03-09 11:14:02,pgsql,151,2.81GB,2.81GB
2024-03-09 11:14:04,pgsql,151,2.81GB,2.81GB
2024-03-09 11:14:06,pgsql,152,2.81GB,2.82GB
2024-03-09 11:14:08,pgsql,152,2.81GB,2.82GB
2024-03-09 11:14:11,pgsql,152,2.81GB,2.82GB
2024-03-09 11:14:13,pgsql,153,2.81GB,2.82GB
2024-03-09 11:14:15,pgsql,153,2.81GB,2.82GB
2024-03-09 11:14:17,pgsql,153,2.82GB,2.82GB
2024-03-09 11:14:19,pgsql,154,2.82GB,2.82GB
2024-03-09 11:14:21,pgsql,154,2.82GB,2.82GB
2024-03-09 11:14:23,pgsql,154,2.82GB,2.82GB
2024-03-09 11:14:25,pgsql,154,2.82GB,2.82GB
2024-03-09 11:14:27,pgsql,155,2.85GB,2.85GB
2024-03-09 11:14:29,pgsql,156,2.85GB,2.85GB
2024-03-09 11:14:31,pgsql,156,2.83GB,2.85GB
2024-03-09 11:14:34,pgsql,157,2.83GB,2.85GB
2024-03-09 11:14:36,pgsql,157,2.82GB,2.85GB
2024-03-09 11:14:38,pgsql,157,2.82GB,2.85GB
2024-03-09 11:14:40,pgsql,157,2.82GB,2.85GB
2024-03-09 11:14:42,pgsql,158,2.82GB,2.85GB
2024-03-09 11:14:44,pgsql,158,2.82GB,2.85GB
2024-03-09 11:14:46,pgsql,158,2.82GB,2.85GB
2024-03-09 11:14:48,pgsql,158,2.82GB,2.85GB
2024-03-09 11:14:50,pgsql,159,2.82GB,2.85GB
2024-03-09 11:14:52,pgsql,159,2.82GB,2.85GB
2024-03-09 11:14:54,pgsql,159,2.82GB,2.85GB
2024-03-09 11:14:56,pgsql,160,2.82GB,2.85GB
2024-03-09 11:14:59,pgsql,160,2.82GB,2.85GB
2024-03-09 11:15:01,pgsql,160,2.82GB,2.85GB
2024-03-09 11:15:03,pgsql,161,2.83GB,2.85GB
2024-03-09 11:15:05,pgsql,161,2.83GB,2.85GB
2024-03-09 11:15:07,pgsql,161,2.83GB,2.85GB
2024-03-09 11:15:09,pgsql,162,2.83GB,2.85GB
2024-03-09 11:15:11,pgsql,162,2.83GB,2.85GB
2024-03-09 11:15:13,pgsql,162,2.83GB,2.85GB
2024-03-09 11:15:15,pgsql,162,2.83GB,2.85GB
2024-03-09 11:15:17,pgsql,162,2.83GB,2.85GB
2024-03-09 11:15:19,pgsql,163,2.83GB,2.85GB
2024-03-09 11:15:22,pgsql,163,2.83GB,2.85GB
2024-03-09 11:15:24,pgsql,163,2.83GB,2.85GB
2024-03-09 11:15:26,pgsql,163,2.83GB,2.85GB
2024-03-09 11:15:28,pgsql,164,2.85GB,2.85GB
2024-03-09 11:15:30,pgsql,164,2.85GB,2.85GB
2024-03-09 11:15:32,pgsql,164,2.85GB,2.85GB
2024-03-09 11:15:34,pgsql,165,2.83GB,2.85GB
2024-03-09 11:15:36,pgsql,165,2.83GB,2.85GB
2024-03-09 11:15:38,pgsql,165,2.83GB,2.85GB
2024-03-09 11:15:40,pgsql,166,2.83GB,2.85GB
2024-03-09 11:15:42,pgsql,166,2.83GB,2.85GB
2024-03-09 11:15:44,pgsql,166,2.83GB,2.85GB
2024-03-09 11:15:47,pgsql,166,2.83GB,2.85GB
2024-03-09 11:15:49,pgsql,166,2.83GB,2.85GB
2024-03-09 11:15:51,pgsql,167,2.83GB,2.85GB
2024-03-09 11:15:53,pgsql,167,2.83GB,2.85GB
2024-03-09 11:15:55,pgsql,167,2.83GB,2.85GB
2024-03-09 11:15:57,pgsql,167,2.83GB,2.85GB
2024-03-09 11:15:59,pgsql,167,2.83GB,2.85GB
2024-03-09 11:16:01,pgsql,167,2.83GB,2.85GB
2024-03-09 11:16:03,pgsql,168,2.83GB,2.85GB
2024-03-09 11:16:05,pgsql,168,2.84GB,2.85GB
2024-03-09 11:16:08,pgsql,168,2.84GB,2.85GB
2024-03-09 11:16:10,pgsql,168,2.84GB,2.85GB
2024-03-09 11:16:12,pgsql,169,2.84GB,2.85GB
2024-03-09 11:16:14,pgsql,169,2.84GB,2.85GB
2024-03-09 11:16:16,pgsql,169,2.84GB,2.85GB
2024-03-09 11:16:18,pgsql,169,2.84GB,2.85GB
2024-03-09 11:16:20,pgsql,170,2.84GB,2.85GB
2024-03-09 11:16:22,pgsql,170,2.84GB,2.85GB
2024-03-09 11:16:24,pgsql,170,2.84GB,2.85GB
2024-03-09 11:16:26,pgsql,170,2.84GB,2.85GB
2024-03-09 11:16:28,pgsql,170,2.84GB,2.85GB
2024-03-09 11:16:30,pgsql,170,2.84GB,2.85GB
2024-03-09 11:16:33,pgsql,171,2.84GB,2.85GB
2024-03-09 11:16:35,pgsql,171,2.84GB,2.85GB
2024-03-09 11:16:37,pgsql,171,2.84GB,2.85GB
2024-03-09 11:16:39,pgsql,171,2.84GB,2.85GB
2024-03-09 11:16:41,pgsql,171,2.84GB,2.85GB
2024-03-09 11:16:43,pgsql,172,2.84GB,2.85GB
2024-03-09 11:16:45,pgsql,172,2.84GB,2.85GB
2024-03-09 11:16:47,pgsql,172,2.84GB,2.85GB
2024-03-09 11:16:49,pgsql,173,2.84GB,2.85GB
2024-03-09 11:16:51,pgsql,173,2.84GB,2.85GB
2024-03-09 11:16:53,pgsql,173,2.84GB,2.85GB
2024-03-09 11:16:55,pgsql,173,2.84GB,2.85GB
2024-03-09 11:16:58,pgsql,174,2.84GB,2.85GB
2024-03-09 11:17:00,pgsql,174,2.84GB,2.85GB
2024-03-09 11:17:02,pgsql,174,2.84GB,2.85GB
2024-03-09 11:17:04,pgsql,174,2.84GB,2.85GB
2024-03-09 11:17:06,pgsql,174,2.84GB,2.85GB
2024-03-09 11:17:08,pgsql,175,2.84GB,2.85GB
2024-03-09 11:17:10,pgsql,175,2.85GB,2.85GB
2024-03-09 11:17:12,pgsql,175,2.85GB,2.85GB
2024-03-09 11:17:14,pgsql,176,2.85GB,2.85GB
2024-03-09 11:17:16,pgsql,176,2.85GB,2.85GB
2024-03-09 11:17:18,pgsql,176,2.85GB,2.85GB
2024-03-09 11:17:21,pgsql,176,2.85GB,2.85GB
2024-03-09 11:17:23,pgsql,177,2.85GB,2.85GB
2024-03-09 11:17:25,pgsql,177,2.85GB,2.85GB
2024-03-09 11:17:27,pgsql,177,2.85GB,2.86GB
2024-03-09 11:17:29,pgsql,177,2.85GB,2.86GB
2024-03-09 11:17:31,pgsql,178,2.85GB,2.86GB
2024-03-09 11:17:33,pgsql,178,2.85GB,2.86GB
2024-03-09 11:17:35,pgsql,178,2.85GB,2.86GB
2024-03-09 11:17:37,pgsql,179,2.85GB,2.86GB
2024-03-09 11:17:39,pgsql,179,2.85GB,2.86GB
2024-03-09 11:17:41,pgsql,179,2.85GB,2.86GB
2024-03-09 11:17:43,pgsql,179,2.85GB,2.86GB
2024-03-09 11:17:46,pgsql,179,2.85GB,2.86GB
2024-03-09 11:17:48,pgsql,180,2.85GB,2.86GB
2024-03-09 11:17:50,pgsql,180,2.85GB,2.86GB
2024-03-09 11:17:52,pgsql,180,2.85GB,2.86GB
2024-03-09 11:17:54,pgsql,180,2.85GB,2.86GB
2024-03-09 11:17:56,pgsql,181,2.85GB,2.86GB
2024-03-09 11:17:58,pgsql,181,2.85GB,2.86GB
2024-03-09 11:18:00,pgsql,181,2.85GB,2.86GB
2024-03-09 11:18:02,pgsql,182,2.85GB,2.86GB
2024-03-09 11:18:04,pgsql,182,2.86GB,2.86GB
2024-03-09 11:18:06,pgsql,182,2.86GB,2.86GB
2024-03-09 11:18:09,pgsql,182,2.86GB,2.86GB
2024-03-09 11:18:11,pgsql,183,2.86GB,2.86GB
2024-03-09 11:18:13,pgsql,183,2.86GB,2.86GB
2024-03-09 11:18:15,pgsql,183,2.86GB,2.86GB
2024-03-09 11:18:17,pgsql,183,2.86GB,2.86GB
2024-03-09 11:18:19,pgsql,183,2.86GB,2.86GB
2024-03-09 11:18:21,pgsql,184,2.86GB,2.86GB
2024-03-09 11:18:23,pgsql,184,2.86GB,2.86GB
2024-03-09 11:18:25,pgsql,184,2.86GB,2.86GB
2024-03-09 11:18:27,pgsql,185,2.89GB,2.89GB
2024-03-09 11:18:29,pgsql,185,2.89GB,2.90GB
2024-03-09 11:18:32,pgsql,186,2.88GB,2.90GB
2024-03-09 11:18:34,pgsql,186,2.88GB,2.90GB
2024-03-09 11:18:36,pgsql,187,2.88GB,2.90GB
2024-03-09 11:18:38,pgsql,187,2.88GB,2.90GB
2024-03-09 11:18:40,pgsql,188,2.86GB,2.90GB
2024-03-09 11:18:42,pgsql,188,2.86GB,2.90GB
2024-03-09 11:18:44,pgsql,188,2.86GB,2.90GB
2024-03-09 11:18:46,pgsql,189,2.86GB,2.90GB
2024-03-09 11:18:48,pgsql,189,2.86GB,2.90GB
2024-03-09 11:18:50,pgsql,189,2.87GB,2.90GB
2024-03-09 11:18:52,pgsql,190,2.87GB,2.90GB
2024-03-09 11:18:55,pgsql,190,2.87GB,2.90GB
2024-03-09 11:18:57,pgsql,190,2.87GB,2.90GB
2024-03-09 11:18:59,pgsql,190,2.87GB,2.90GB
2024-03-09 11:19:01,pgsql,190,2.87GB,2.90GB
2024-03-09 11:19:03,pgsql,191,2.87GB,2.90GB
2024-03-09 11:19:05,pgsql,191,2.87GB,2.90GB
2024-03-09 11:19:07,pgsql,191,2.87GB,2.90GB
2024-03-09 11:19:09,pgsql,191,2.87GB,2.90GB
2024-03-09 11:19:11,pgsql,192,2.87GB,2.90GB
2024-03-09 11:19:13,pgsql,192,2.87GB,2.90GB
2024-03-09 11:19:15,pgsql,192,2.87GB,2.90GB
2024-03-09 11:19:17,pgsql,193,2.87GB,2.90GB
2024-03-09 11:19:20,pgsql,193,2.87GB,2.90GB
2024-03-09 11:19:22,pgsql,193,2.87GB,2.90GB
2024-03-09 11:19:24,pgsql,194,2.87GB,2.90GB
2024-03-09 11:19:26,pgsql,194,2.87GB,2.90GB
2024-03-09 11:19:28,pgsql,194,2.88GB,2.90GB
2024-03-09 11:19:30,pgsql,195,2.88GB,2.90GB
2024-03-09 11:19:32,pgsql,195,2.87GB,2.90GB
2024-03-09 11:19:34,pgsql,195,2.87GB,2.90GB
2024-03-09 11:19:36,pgsql,195,2.87GB,2.90GB
2024-03-09 11:19:38,pgsql,196,2.87GB,2.90GB
2024-03-09 11:19:40,pgsql,196,2.87GB,2.90GB
2024-03-09 11:19:43,pgsql,196,2.87GB,2.90GB
2024-03-09 11:19:45,pgsql,197,2.87GB,2.90GB
2024-03-09 11:19:47,pgsql,197,2.88GB,2.90GB
2024-03-09 11:19:49,pgsql,197,2.88GB,2.90GB
2024-03-09 11:19:51,pgsql,198,2.88GB,2.90GB
2024-03-09 11:19:53,pgsql,198,2.88GB,2.90GB
2024-03-09 11:19:55,pgsql,198,2.88GB,2.90GB
2024-03-09 11:19:57,pgsql,198,2.88GB,2.90GB
2024-03-09 11:19:59,pgsql,199,2.88GB,2.90GB
2024-03-09 11:20:01,pgsql,199,2.88GB,2.90GB
2024-03-09 11:20:03,pgsql,199,2.88GB,2.90GB
2024-03-09 11:20:05,pgsql,199,2.88GB,2.90GB
2024-03-09 11:20:08,pgsql,200,2.88GB,2.90GB
2024-03-09 11:20:10,pgsql,200,2.88GB,2.90GB
2024-03-09 11:20:12,pgsql,200,2.88GB,2.90GB
2024-03-09 11:20:14,pgsql,200,2.88GB,2.90GB
2024-03-09 11:20:16,pgsql,200,2.88GB,2.90GB
2024-03-09 11:20:18,pgsql,201,2.88GB,2.90GB
2024-03-09 11:20:20,pgsql,201,2.88GB,2.90GB
2024-03-09 11:20:22,pgsql,201,2.88GB,2.90GB
2024-03-09 11:20:24,pgsql,201,2.88GB,2.90GB
2024-03-09 11:20:26,pgsql,201,2.89GB,2.90GB
2024-03-09 11:20:28,pgsql,202,2.88GB,2.90GB
2024-03-09 11:20:31,pgsql,202,2.88GB,2.90GB
2024-03-09 11:20:33,pgsql,202,2.88GB,2.90GB
2024-03-09 11:20:35,pgsql,202,2.88GB,2.90GB
2024-03-09 11:20:37,pgsql,202,2.88GB,2.90GB
2024-03-09 11:20:39,pgsql,202,2.88GB,2.90GB
2024-03-09 11:20:41,pgsql,203,2.88GB,2.90GB
2024-03-09 11:20:43,pgsql,203,2.88GB,2.90GB
2024-03-09 11:20:45,pgsql,203,2.88GB,2.90GB
2024-03-09 11:20:47,pgsql,203,2.88GB,2.90GB
2024-03-09 11:20:49,pgsql,203,2.88GB,2.90GB
2024-03-09 11:20:51,pgsql,204,2.88GB,2.90GB
2024-03-09 11:20:53,pgsql,204,2.89GB,2.90GB
2024-03-09 11:20:56,pgsql,204,2.89GB,2.90GB
2024-03-09 11:20:58,pgsql,204,2.89GB,2.90GB
2024-03-09 11:21:00,pgsql,205,2.89GB,2.90GB
2024-03-09 11:21:02,pgsql,205,2.89GB,2.90GB
2024-03-09 11:21:04,pgsql,205,2.89GB,2.90GB
2024-03-09 11:21:06,pgsql,205,2.89GB,2.90GB
2024-03-09 11:21:08,pgsql,205,2.89GB,2.90GB
2024-03-09 11:21:10,pgsql,206,2.89GB,2.90GB
2024-03-09 11:21:12,pgsql,206,2.89GB,2.90GB
2024-03-09 11:21:14,pgsql,206,2.89GB,2.90GB
2024-03-09 11:21:16,pgsql,206,2.89GB,2.90GB
2024-03-09 11:21:18,pgsql,207,2.89GB,2.90GB
2024-03-09 11:21:21,pgsql,207,2.89GB,2.90GB
2024-03-09 11:21:23,pgsql,207,2.89GB,2.90GB
2024-03-09 11:21:25,pgsql,207,2.89GB,2.90GB
2024-03-09 11:21:27,pgsql,207,2.91GB,2.91GB
2024-03-09 11:21:29,pgsql,208,2.91GB,2.91GB
2024-03-09 11:21:31,pgsql,208,2.91GB,2.91GB
2024-03-09 11:21:33,pgsql,208,2.91GB,2.91GB
2024-03-09 11:21:35,pgsql,209,2.89GB,2.91GB
2024-03-09 11:21:37,pgsql,209,2.89GB,2.91GB
2024-03-09 11:21:39,pgsql,210,2.89GB,2.91GB
2024-03-09 11:21:41,pgsql,210,2.89GB,2.91GB
2024-03-09 11:21:44,pgsql,210,2.89GB,2.91GB
2024-03-09 11:21:46,pgsql,210,2.89GB,2.91GB
2024-03-09 11:21:48,pgsql,210,2.89GB,2.91GB
2024-03-09 11:21:50,pgsql,210,2.89GB,2.91GB
2024-03-09 11:21:52,pgsql,211,2.89GB,2.91GB
2024-03-09 11:21:54,pgsql,211,2.89GB,2.91GB
2024-03-09 11:21:56,pgsql,211,2.89GB,2.91GB
2024-03-09 11:21:58,pgsql,211,2.89GB,2.91GB
2024-03-09 11:22:00,pgsql,212,2.89GB,2.91GB
2024-03-09 11:22:02,pgsql,212,2.89GB,2.91GB
2024-03-09 11:22:04,pgsql,212,2.90GB,2.91GB
2024-03-09 11:22:06,pgsql,212,2.90GB,2.91GB
2024-03-09 11:22:09,pgsql,213,2.90GB,2.91GB
2024-03-09 11:22:11,pgsql,213,2.90GB,2.91GB
2024-03-09 11:22:13,pgsql,213,2.90GB,2.91GB
2024-03-09 11:22:15,pgsql,214,2.90GB,2.91GB
2024-03-09 11:22:17,pgsql,214,2.90GB,2.91GB
2024-03-09 11:22:19,pgsql,214,2.90GB,2.91GB
2024-03-09 11:22:21,pgsql,214,2.90GB,2.91GB
2024-03-09 11:22:23,pgsql,214,2.90GB,2.91GB
2024-03-09 11:22:25,pgsql,215,2.90GB,2.91GB
2024-03-09 11:22:27,pgsql,215,2.93GB,2.93GB
2024-03-09 11:22:29,pgsql,216,2.93GB,2.94GB
2024-03-09 11:22:32,pgsql,216,2.90GB,2.94GB
2024-03-09 11:22:34,pgsql,216,2.90GB,2.94GB
2024-03-09 11:22:36,pgsql,217,2.90GB,2.94GB
2024-03-09 11:22:38,pgsql,217,2.90GB,2.94GB
2024-03-09 11:22:40,pgsql,217,2.90GB,2.94GB
2024-03-09 11:22:42,pgsql,217,2.90GB,2.94GB
2024-03-09 11:22:44,pgsql,218,2.90GB,2.94GB
2024-03-09 11:22:46,pgsql,218,2.90GB,2.94GB
2024-03-09 11:22:48,pgsql,218,2.90GB,2.94GB
2024-03-09 11:22:50,pgsql,219,2.90GB,2.94GB
2024-03-09 11:22:52,pgsql,219,2.90GB,2.94GB
2024-03-09 11:22:54,pgsql,219,2.90GB,2.94GB
2024-03-09 11:22:57,pgsql,219,2.90GB,2.94GB
2024-03-09 11:22:59,pgsql,219,2.90GB,2.94GB
2024-03-09 11:23:01,pgsql,220,2.91GB,2.94GB
2024-03-09 11:23:03,pgsql,220,2.91GB,2.94GB
2024-03-09 11:23:05,pgsql,220,2.91GB,2.94GB
2024-03-09 11:23:07,pgsql,221,2.91GB,2.94GB
2024-03-09 11:23:09,pgsql,221,2.91GB,2.94GB
2024-03-09 11:23:11,pgsql,221,2.91GB,2.94GB
2024-03-09 11:23:13,pgsql,221,2.91GB,2.94GB
2024-03-09 11:23:15,pgsql,221,2.91GB,2.94GB
2024-03-09 11:23:17,pgsql,222,2.91GB,2.94GB
2024-03-09 11:23:20,pgsql,222,2.91GB,2.94GB
2024-03-09 11:23:22,pgsql,222,2.91GB,2.94GB
2024-03-09 11:23:24,pgsql,222,2.91GB,2.94GB
2024-03-09 11:23:26,pgsql,223,2.91GB,2.94GB
2024-03-09 11:23:28,pgsql,223,2.91GB,2.94GB
2024-03-09 11:23:30,pgsql,223,2.91GB,2.94GB
2024-03-09 11:23:32,pgsql,224,2.91GB,2.94GB
2024-03-09 11:23:34,pgsql,224,2.91GB,2.94GB
2024-03-09 11:23:36,pgsql,224,2.91GB,2.94GB
2024-03-09 11:23:38,pgsql,225,2.91GB,2.94GB
2024-03-09 11:23:40,pgsql,225,2.91GB,2.94GB
2024-03-09 11:23:43,pgsql,225,2.91GB,2.94GB
2024-03-09 11:23:45,pgsql,225,2.91GB,2.94GB
2024-03-09 11:23:47,pgsql,226,2.91GB,2.94GB
2024-03-09 11:23:49,pgsql,226,2.91GB,2.94GB
2024-03-09 11:23:51,pgsql,226,2.91GB,2.94GB
2024-03-09 11:23:53,pgsql,226,2.91GB,2.94GB
2024-03-09 11:23:55,pgsql,226,2.91GB,2.94GB
2024-03-09 11:23:57,pgsql,227,2.91GB,2.94GB
2024-03-09 11:23:59,pgsql,227,2.92GB,2.94GB
2024-03-09 11:24:01,pgsql,227,2.92GB,2.94GB
2024-03-09 11:24:03,pgsql,228,2.92GB,2.94GB
2024-03-09 11:24:05,pgsql,228,2.92GB,2.94GB
2024-03-09 11:24:08,pgsql,228,2.92GB,2.94GB
2024-03-09 11:24:10,pgsql,229,2.92GB,2.94GB
2024-03-09 11:24:12,pgsql,229,2.92GB,2.94GB
2024-03-09 11:24:14,pgsql,229,2.92GB,2.94GB
2024-03-09 11:24:16,pgsql,229,2.92GB,2.94GB
2024-03-09 11:24:18,pgsql,230,2.92GB,2.94GB
2024-03-09 11:24:20,pgsql,230,2.92GB,2.94GB
2024-03-09 11:24:22,pgsql,230,2.92GB,2.94GB
2024-03-09 11:24:24,pgsql,230,2.92GB,2.94GB
2024-03-09 11:24:26,pgsql,230,2.93GB,2.94GB
2024-03-09 11:24:28,pgsql,231,2.94GB,2.94GB
2024-03-09 11:24:30,pgsql,231,2.94GB,2.94GB
2024-03-09 11:24:33,pgsql,231,2.94GB,2.94GB
2024-03-09 11:24:35,pgsql,232,2.93GB,2.94GB
2024-03-09 11:24:37,pgsql,233,2.93GB,2.94GB
2024-03-09 11:24:39,pgsql,233,2.93GB,2.94GB
2024-03-09 11:24:41,pgsql,234,2.92GB,2.94GB
2024-03-09 11:24:43,pgsql,234,2.93GB,2.94GB
2024-03-09 11:24:45,pgsql,234,2.93GB,2.94GB
2024-03-09 11:24:47,pgsql,234,2.93GB,2.94GB
2024-03-09 11:24:49,pgsql,235,2.93GB,2.94GB
2024-03-09 11:24:51,pgsql,235,2.93GB,2.94GB
2024-03-09 11:24:53,pgsql,235,2.93GB,2.94GB
2024-03-09 11:24:56,pgsql,236,2.93GB,2.94GB
2024-03-09 11:24:58,pgsql,236,2.93GB,2.94GB
2024-03-09 11:25:00,pgsql,236,2.93GB,2.94GB
2024-03-09 11:25:02,pgsql,236,2.93GB,2.94GB
2024-03-09 11:25:04,pgsql,236,2.93GB,2.94GB
2024-03-09 11:25:06,pgsql,236,2.93GB,2.94GB
2024-03-09 11:25:08,pgsql,237,2.93GB,2.94GB
2024-03-09 11:25:10,pgsql,237,2.93GB,2.94GB
2024-03-09 11:25:12,pgsql,237,2.93GB,2.94GB
2024-03-09 11:25:14,pgsql,238,2.93GB,2.94GB
2024-03-09 11:25:16,pgsql,238,2.93GB,2.94GB
2024-03-09 11:25:18,pgsql,238,2.93GB,2.94GB
2024-03-09 11:25:21,pgsql,238,2.93GB,2.94GB
2024-03-09 11:25:23,pgsql,238,2.93GB,2.94GB
2024-03-09 11:25:25,pgsql,239,2.93GB,2.94GB
2024-03-09 11:25:27,pgsql,239,2.93GB,2.94GB
2024-03-09 11:25:29,pgsql,239,2.93GB,2.94GB
2024-03-09 11:25:31,pgsql,239,2.93GB,2.94GB
2024-03-09 11:25:33,pgsql,240,2.93GB,2.94GB
2024-03-09 11:25:35,pgsql,240,2.93GB,2.94GB
2024-03-09 11:25:37,pgsql,240,2.93GB,2.94GB
2024-03-09 11:25:39,pgsql,240,2.93GB,2.94GB
2024-03-09 11:25:41,pgsql,240,2.93GB,2.94GB
2024-03-09 11:25:43,pgsql,241,2.93GB,2.94GB
2024-03-09 11:25:46,pgsql,241,2.93GB,2.94GB
2024-03-09 11:25:48,pgsql,241,2.93GB,2.94GB
2024-03-09 11:25:50,pgsql,241,2.93GB,2.94GB
2024-03-09 11:25:52,pgsql,241,2.93GB,2.94GB
2024-03-09 11:25:54,pgsql,242,2.93GB,2.94GB
2024-03-09 11:25:56,pgsql,242,2.94GB,2.94GB
2024-03-09 11:25:58,pgsql,242,2.94GB,2.94GB
2024-03-09 11:26:00,pgsql,242,2.94GB,2.94GB
2024-03-09 11:26:02,pgsql,243,2.94GB,2.94GB
2024-03-09 11:26:04,pgsql,243,2.94GB,2.94GB
2024-03-09 11:26:06,pgsql,243,2.94GB,2.94GB
2024-03-09 11:26:09,pgsql,243,2.94GB,2.94GB
2024-03-09 11:26:11,pgsql,244,2.94GB,2.94GB
2024-03-09 11:26:13,pgsql,244,2.94GB,2.94GB
2024-03-09 11:26:15,pgsql,244,2.94GB,2.94GB
2024-03-09 11:26:17,pgsql,244,2.94GB,2.94GB
2024-03-09 11:26:19,pgsql,244,2.94GB,2.94GB
2024-03-09 11:26:21,pgsql,245,2.94GB,2.94GB
2024-03-09 11:26:23,pgsql,245,2.94GB,2.94GB
2024-03-09 11:26:25,pgsql,245,2.94GB,2.94GB
2024-03-09 11:26:27,pgsql,245,2.97GB,2.97GB
2024-03-09 11:26:29,pgsql,246,2.97GB,2.98GB
2024-03-09 11:26:31,pgsql,247,2.94GB,2.98GB
2024-03-09 11:26:34,pgsql,247,2.94GB,2.98GB
2024-03-09 11:26:36,pgsql,247,2.94GB,2.98GB
2024-03-09 11:26:38,pgsql,247,2.94GB,2.98GB
2024-03-09 11:26:40,pgsql,248,2.94GB,2.98GB
2024-03-09 11:26:42,pgsql,248,2.94GB,2.98GB
2024-03-09 11:26:44,pgsql,248,2.94GB,2.98GB
2024-03-09 11:26:46,pgsql,248,2.94GB,2.98GB
2024-03-09 11:26:48,pgsql,248,2.94GB,2.98GB
2024-03-09 11:26:50,pgsql,248,2.94GB,2.98GB
2024-03-09 11:26:53,pgsql,249,2.94GB,2.98GB
2024-03-09 11:26:55,pgsql,249,2.94GB,2.98GB
2024-03-09 11:26:57,pgsql,249,2.94GB,2.98GB
2024-03-09 11:26:59,pgsql,250,2.94GB,2.98GB
2024-03-09 11:27:01,pgsql,250,2.94GB,2.98GB
2024-03-09 11:27:03,pgsql,250,2.94GB,2.98GB
2024-03-09 11:27:05,pgsql,250,2.95GB,2.98GB
2024-03-09 11:27:07,pgsql,251,2.95GB,2.98GB
2024-03-09 11:27:09,pgsql,251,2.95GB,2.98GB
2024-03-09 11:27:11,pgsql,251,2.95GB,2.98GB
2024-03-09 11:27:13,pgsql,252,2.95GB,2.98GB
2024-03-09 11:27:15,pgsql,252,2.95GB,2.98GB
2024-03-09 11:27:18,pgsql,252,2.95GB,2.98GB
2024-03-09 11:27:20,pgsql,252,2.95GB,2.98GB
2024-03-09 11:27:22,pgsql,252,2.95GB,2.98GB
2024-03-09 11:27:24,pgsql,252,2.95GB,2.98GB
2024-03-09 11:27:26,pgsql,253,2.95GB,2.98GB
2024-03-09 11:27:28,pgsql,253,2.97GB,2.98GB
2024-03-09 11:27:30,pgsql,254,2.97GB,2.98GB
2024-03-09 11:27:32,pgsql,254,2.97GB,2.98GB
2024-03-09 11:27:34,pgsql,255,2.97GB,2.98GB
2024-03-09 11:27:36,pgsql,255,2.95GB,2.98GB
2024-03-09 11:27:38,pgsql,255,2.95GB,2.98GB
2024-03-09 11:27:41,pgsql,256,2.95GB,2.98GB
2024-03-09 11:27:43,pgsql,256,2.95GB,2.98GB
2024-03-09 11:27:45,pgsql,256,2.95GB,2.98GB
2024-03-09 11:27:47,pgsql,257,2.95GB,2.98GB
2024-03-09 11:27:49,pgsql,257,2.95GB,2.98GB
2024-03-09 11:27:51,pgsql,257,2.95GB,2.98GB
2024-03-09 11:27:53,pgsql,258,2.95GB,2.98GB
2024-03-09 11:27:55,pgsql,258,2.95GB,2.98GB
2024-03-09 11:27:57,pgsql,258,2.95GB,2.98GB
2024-03-09 11:27:59,pgsql,258,2.95GB,2.98GB
2024-03-09 11:28:01,pgsql,258,2.95GB,2.98GB
2024-03-09 11:28:03,pgsql,258,2.95GB,2.98GB
2024-03-09 11:28:06,pgsql,259,2.96GB,2.98GB
2024-03-09 11:28:08,pgsql,259,2.96GB,2.98GB
2024-03-09 11:28:10,pgsql,259,2.96GB,2.98GB
2024-03-09 11:28:12,pgsql,260,2.96GB,2.98GB
2024-03-09 11:28:14,pgsql,260,2.96GB,2.98GB
2024-03-09 11:28:16,pgsql,260,2.96GB,2.98GB
2024-03-09 11:28:18,pgsql,260,2.96GB,2.98GB
2024-03-09 11:28:20,pgsql,260,2.96GB,2.98GB
2024-03-09 11:28:22,pgsql,260,2.96GB,2.98GB
2024-03-09 11:28:24,pgsql,260,2.96GB,2.98GB
2024-03-09 11:28:26,pgsql,260,2.96GB,2.98GB
2024-03-09 11:28:28,pgsql,260,2.96GB,2.98GB
2024-03-09 11:28:31,pgsql,260,2.96GB,2.98GB
2024-03-09 11:28:33,pgsql,260,2.96GB,2.98GB
2024-03-09 11:28:35,pgsql,260,2.96GB,2.98GB
2024-03-09 11:28:37,pgsql,260,2.96GB,2.98GB
2024-03-09 11:28:39,pgsql,260,2.96GB,2.98GB
2024-03-09 11:28:41,pgsql,260,2.96GB,2.98GB
2024-03-09 11:28:43,pgsql,260,2.96GB,2.98GB
2024-03-09 11:28:45,pgsql,261,2.96GB,2.98GB
2024-03-09 11:28:47,pgsql,261,2.96GB,2.98GB
2024-03-09 11:28:49,pgsql,261,2.96GB,2.98GB
2024-03-09 11:28:51,pgsql,261,2.96GB,2.98GB
2024-03-09 11:28:53,pgsql,261,2.96GB,2.98GB
2024-03-09 11:28:56,pgsql,261,2.96GB,2.98GB
2024-03-09 11:28:58,pgsql,261,2.96GB,2.98GB
2024-03-09 11:29:00,pgsql,261,2.96GB,2.98GB
2024-03-09 11:29:02,pgsql,261,2.96GB,2.98GB
2024-03-09 11:29:04,pgsql,261,2.96GB,2.98GB
2024-03-09 11:29:06,pgsql,261,2.96GB,2.98GB
2024-03-09 11:29:08,pgsql,261,2.96GB,2.98GB
2024-03-09 11:29:10,pgsql,261,2.96GB,2.98GB
2024-03-09 11:29:12,pgsql,261,2.96GB,2.98GB
2024-03-09 11:29:14,pgsql,261,2.96GB,2.98GB
2024-03-09 11:29:16,pgsql,261,2.96GB,2.98GB
2024-03-09 11:29:18,pgsql,261,2.96GB,2.98GB
2024-03-09 11:29:21,pgsql,261,2.96GB,2.98GB
2024-03-09 11:29:23,pgsql,261,2.96GB,2.98GB
2024-03-09 11:29:25,pgsql,261,2.96GB,2.98GB
2024-03-09 11:29:27,pgsql,261,2.96GB,2.98GB
2024-03-09 11:29:29,pgsql,261,2.96GB,2.98GB
2024-03-09 11:29:31,pgsql,262,2.96GB,2.98GB
2024-03-09 11:29:33,pgsql,262,2.96GB,2.98GB
2024-03-09 11:29:35,pgsql,262,2.96GB,2.98GB
2024-03-09 11:29:37,pgsql,262,2.96GB,2.98GB
2024-03-09 11:29:39,pgsql,262,2.96GB,2.98GB
2024-03-09 11:29:42,pgsql,262,2.96GB,2.98GB
2024-03-09 11:29:44,pgsql,262,2.96GB,2.98GB
2024-03-09 11:29:46,pgsql,262,2.96GB,2.98GB
2024-03-09 11:29:48,pgsql,262,2.96GB,2.98GB
2024-03-09 11:29:50,pgsql,262,2.96GB,2.98GB
2024-03-09 11:29:52,pgsql,262,2.96GB,2.98GB
2024-03-09 11:29:54,pgsql,262,2.96GB,2.98GB
2024-03-09 11:29:56,pgsql,262,2.96GB,2.98GB
2024-03-09 11:29:58,pgsql,262,2.96GB,2.98GB
2024-03-09 11:30:00,pgsql,262,2.96GB,2.98GB
2024-03-09 11:30:02,pgsql,262,2.95GB,2.98GB
2024-03-09 11:30:04,pgsql,262,2.95GB,2.98GB
